category_level_2,sensitivity_scenario,unit_of_analysis,valid_unit_count,unique_product_count,positive_unit_count,zero_unit_count,negative_unit_count,positive_movement_breadth_percent,positive_breadth_wilson_95_lower_percent,positive_breadth_wilson_95_upper_percent,positive_breadth_wilson_95_width_percentage_points,median_favorite_change_approx,median_favorite_change_per_day_approx,mean_favorite_change_per_day_approx,trimmed_mean_10_percent_favorite_change_per_day_approx,percentile_25_favorite_change_per_day_approx,percentile_75_favorite_change_per_day_approx,compact_display_interval_count,top_product_share_of_absolute_favorite_change_percent
Automotive,ALL_VALID_INTERVALS,interval,154,127,56,96,2,36.36363636,29.18351641,44.20752879,15.02401239,0,0,1.676105568,0.2137194347,0,0.475,35,10.27749229
Automotive,EXACT_DISPLAY_INTERVALS_ONLY,interval,119,97,49,68,2,41.17647059,32.74474418,50.16006982,17.41532564,0,0,0.7885255734,0.2113526794,0,0.5,0,14.65201465
Automotive,LEVEL2_STABLE_INTERVALS_ONLY,interval,153,126,56,95,2,36.60130719,29.38334591,44.47563028,15.09228437,0,0,1.687060507,0.2154569911,0,0.5,35,10.27749229
Automotive,EXCLUDE_FAVORITE_OUTLIER_ENDPOINTS,interval,134,111,51,81,2,38.05970149,30.28004403,46.50490333,16.2248593,0,0,1.148018979,0.1898260176,0,0.475,15,21.14164905
Automotive,PRODUCT_LEVEL_MEDIAN_DAILY_CHANGE,product,127,127,52,73,2,40.94488189,32.78074164,49.64075122,16.86000957,,0,1.892897916,0.3206697833,0,0.5,,
Baby & Toys,ALL_VALID_INTERVALS,interval,215,193,95,118,2,44.18604651,37.7076297,50.8685825,13.1609528,0,0,1.320310847,0.2772924514,0,0.5,48,13.61470388
Baby & Toys,EXACT_DISPLAY_INTERVALS_ONLY,interval,167,151,85,80,2,50.89820359,43.38146823,58.37454436,14.99307613,1,0.1428571429,0.5435424796,0.2908389686,0,0.5147058824,0,5.962059621
Baby & Toys,LEVEL2_STABLE_INTERVALS_ONLY,interval,212,191,94,116,2,44.33962264,37.81198226,51.0687525,13.25677024,0,0,1.337815246,0.2807152594,0,0.5,48,13.6425648
Baby & Toys,EXCLUDE_FAVORITE_OUTLIER_ENDPOINTS,interval,197,178,89,106,2,45.17766497,38.38641109,52.1533974,13.76698631,0,0,0.6835557512,0.2563727092,0,0.5,30,13.00390117
Baby & Toys,PRODUCT_LEVEL_MEDIAN_DAILY_CHANGE,product,193,193,87,104,2,45.07772021,38.22203117,52.12553764,13.90350647,,0,1.190036017,0.2921400848,0,0.5294117647,,
Cameras & Drones,ALL_VALID_INTERVALS,interval,8,8,2,6,0,25,7.147768886,59.07301209,51.9252432,0,0,0.03553921569,0.03553921569,0,0.02941176471,0,50
Cameras & Drones,EXACT_DISPLAY_INTERVALS_ONLY,interval,8,8,2,6,0,25,7.147768886,59.07301209,51.9252432,0,0,0.03553921569,0.03553921569,0,0.02941176471,0,50
Cameras & Drones,LEVEL2_STABLE_INTERVALS_ONLY,interval,8,8,2,6,0,25,7.147768886,59.07301209,51.9252432,0,0,0.03553921569,0.03553921569,0,0.02941176471,0,50
Cameras & Drones,EXCLUDE_FAVORITE_OUTLIER_ENDPOINTS,interval,8,8,2,6,0,25,7.147768886,59.07301209,51.9252432,0,0,0.03553921569,0.03553921569,0,0.02941176471,0,50
Cameras & Drones,PRODUCT_LEVEL_MEDIAN_DAILY_CHANGE,product,8,8,2,6,0,25,7.147768886,59.07301209,51.9252432,,0,0.03553921569,0.03553921569,0,0.02941176471,,
Computer & Accessories,ALL_VALID_INTERVALS,interval,19,19,12,5,2,63.15789474,41.0391575,80.85072762,39.81157013,2,0.3333333333,2.333040936,1.151633987,0,1.125,3,39.84063745
Computer & Accessories,EXACT_DISPLAY_INTERVALS_ONLY,interval,16,16,11,3,2,68.75,44.40393187,85.83556495,41.43163308,2,0.3666666667,1.207986111,0.7634920635,0,1.0625,0,52.98013245
Computer & Accessories,LEVEL2_STABLE_INTERVALS_ONLY,interval,19,19,12,5,2,63.15789474,41.0391575,80.85072762,39.81157013,2,0.3333333333,2.333040936,1.151633987,0,1.125,3,39.84063745
Computer & Accessories,EXCLUDE_FAVORITE_OUTLIER_ENDPOINTS,interval,17,17,11,4,2,64.70588235,41.29996672,82.69051386,41.39054713,2,0.3333333333,1.136928105,0.7125925926,0,1,1,52.98013245
Computer & Accessories,PRODUCT_LEVEL_MEDIAN_DAILY_CHANGE,product,19,19,12,5,2,63.15789474,41.0391575,80.85072762,39.81157013,,0.3333333333,2.333040936,1.151633987,0,1.125,,
Fashion Accessories,ALL_VALID_INTERVALS,interval,43,38,25,18,0,58.13953488,43.32831576,71.61566566,28.28734991,2,0.4210526316,1.049516232,0.5046151092,0,0.9375,13,29.20792079
Fashion Accessories,EXACT_DISPLAY_INTERVALS_ONLY,interval,30,29,22,8,0,73.33333333,55.55169796,85.81750445,30.26580649,3.5,0.5,0.768320802,0.5865914787,0.05357142857,0.96875,0,16.16766467
Fashion Accessories,LEVEL2_STABLE_INTERVALS_ONLY,interval,42,37,25,17,0,59.52380952,44.49404553,72.95735233,28.4633068,2.5,0.4248120301,1.074504714,0.5194567301,0,0.96875,13,29.20792079
Fashion Accessories,EXCLUDE_FAVORITE_OUTLIER_ENDPOINTS,interval,39,35,25,14,0,64.1025641,48.41786318,77.2581153,28.84025212,3,0.5,1.157158923,0.613119921,0,1,9,29.20792079
Fashion Accessories,PRODUCT_LEVEL_MEDIAN_DAILY_CHANGE,product,38,38,24,14,0,63.15789474,47.28367282,76.61598684,29.33231402,,0.4642857143,0.9421217517,0.5639763471,0,0.96875,,
"Games, Books & Hobbies",ALL_VALID_INTERVALS,interval,23,22,17,6,0,73.91304348,53.52960946,87.45155411,33.92194465,3,0.4285714286,1.126966874,0.7602130326,0.04166666667,1.225,3,35.34136546
"Games, Books & Hobbies",EXACT_DISPLAY_INTERVALS_ONLY,interval,20,19,17,3,0,85,63.95767041,94.7632208,30.80555039,4.5,0.7857142857,1.296011905,0.9027529762,0.2291666667,1.458333333,0,35.34136546
"Games, Books & Hobbies",LEVEL2_STABLE_INTERVALS_ONLY,interval,23,22,17,6,0,73.91304348,53.52960946,87.45155411,33.92194465,3,0.4285714286,1.126966874,0.7602130326,0.04166666667,1.225,3,35.34136546
"Games, Books & Hobbies",EXCLUDE_FAVORITE_OUTLIER_ENDPOINTS,interval,23,22,17,6,0,73.91304348,53.52960946,87.45155411,33.92194465,3,0.4285714286,1.126966874,0.7602130326,0.04166666667,1.225,3,35.34136546
"Games, Books & Hobbies",PRODUCT_LEVEL_MEDIAN_DAILY_CHANGE,product,22,22,16,6,0,72.72727273,51.8478763,86.84941798,35.00154168,,0.4226190476,1.124945887,0.7373677249,0.02083333333,1.230357143,,
Gaming & Consoles,ALL_VALID_INTERVALS,interval,7,7,4,3,0,57.14285714,25.04542304,84.17830777,59.13288473,1,0.08333333333,0.7026610644,0.7026610644,0,0.3882352941,0,90.78947368
Gaming & Consoles,EXACT_DISPLAY_INTERVALS_ONLY,interval,7,7,4,3,0,57.14285714,25.04542304,84.17830777,59.13288473,1,0.08333333333,0.7026610644,0.7026610644,0,0.3882352941,0,90.78947368
Gaming & Consoles,LEVEL2_STABLE_INTERVALS_ONLY,interval,7,7,4,3,0,57.14285714,25.04542304,84.17830777,59.13288473,1,0.08333333333,0.7026610644,0.7026610644,0,0.3882352941,0,90.78947368
Gaming & Consoles,EXCLUDE_FAVORITE_OUTLIER_ENDPOINTS,interval,7,7,4,3,0,57.14285714,25.04542304,84.17830777,59.13288473,1,0.08333333333,0.7026610644,0.7026610644,0,0.3882352941,0,90.78947368
Gaming & Consoles,PRODUCT_LEVEL_MEDIAN_DAILY_CHANGE,product,7,7,4,3,0,57.14285714,25.04542304,84.17830777,59.13288473,,0.08333333333,0.7026610644,0.7026610644,0,0.3882352941,,
Groceries & Pets,ALL_VALID_INTERVALS,interval,163,146,84,74,5,51.53374233,43.91484866,59.08200584,15.16715717,1,0.08333333333,1.934465603,0.2993668969,0,0.6333333333,38,22.69611577
Groceries & Pets,EXACT_DISPLAY_INTERVALS_ONLY,interval,125,112,78,42,5,62.4,53.65810421,70.40244767,16.74434346,1,0.2,1.088199711,0.3585847871,0,0.7,0,41.79523142
Groceries & Pets,LEVEL2_STABLE_INTERVALS_ONLY,interval,163,146,84,74,5,51.53374233,43.91484866,59.08200584,15.16715717,1,0.08333333333,1.934465603,0.2993668969,0,0.6333333333,38,22.69611577
Groceries & Pets,EXCLUDE_FAVORITE_OUTLIER_ENDPOINTS,interval,150,134,82,63,5,54.66666667,46.68263116,62.4176382,15.73500704,1,0.1458333333,1.708179894,0.3143088624,0,0.6666666667,25,26.77448338
Groceries & Pets,PRODUCT_LEVEL_MEDIAN_DAILY_CHANGE,product,146,146,78,63,5,53.42465753,45.34928091,61.3244332,15.97515229,,0.09545454545,2.008416479,0.3034621334,0,0.6,,
Health & Beauty,ALL_VALID_INTERVALS,interval,532,438,264,256,12,49.62406015,45.39329329,53.86021745,8.466924159,0,0,1.92524967,0.3306033243,0,0.6282051282,119,4.843787842
Health & Beauty,EXACT_DISPLAY_INTERVALS_ONLY,interval,413,339,240,161,12,58.11138015,53.29962738,62.77362443,9.473997052,1,0.1538461538,0.6228082561,0.3508671183,0,0.6666666667,0,6.381578947
Health & Beauty,LEVEL2_STABLE_INTERVALS_ONLY,interval,531,437,263,256,12,49.52919021,45.29522157,53.7699222,8.474700634,0,0,1.928247629,0.3305969008,0,0.641025641,119,4.847309743
Health & Beauty,EXCLUDE_FAVORITE_OUTLIER_ENDPOINTS,interval,467,383,247,208,12,52.89079229,48.35833814,57.37607445,9.017736315,1,0.09090909091,1.165888244,0.3203653765,0,0.6076923077,54,4.697040864
Health & Beauty,PRODUCT_LEVEL_MEDIAN_DAILY_CHANGE,product,438,438,235,192,11,53.65296804,48.97133799,58.27107648,9.299738494,,0.09090909091,2.018000848,0.3702559388,0,0.6666666667,,
Home & Living,ALL_VALID_INTERVALS,interval,272,229,114,150,8,41.91176471,36.20043321,47.84838321,11.64795,0,0,5.414515957,0.8441637865,0,1,127,17.54106203
Home & Living,EXACT_DISPLAY_INTERVALS_ONLY,interval,145,123,80,57,8,55.17241379,47.04815189,63.02967582,15.98152393,1,0.2222222222,0.9164053505,0.5344149496,0,1,0,17.2876304
Home & Living,LEVEL2_STABLE_INTERVALS_ONLY,interval,270,228,114,148,8,42.22222222,36.48029612,48.18237018,11.70207407,0,0,5.454623483,0.8519801179,0,1,127,17.54106203
Home & Living,EXCLUDE_FAVORITE_OUTLIER_ENDPOINTS,interval,181,153,88,85,8,48.61878453,41.4419944,55.85298681,14.41099241,0,0,2.538048134,0.5238854566,0,1,36,7.885791978
Home & Living,PRODUCT_LEVEL_MEDIAN_DAILY_CHANGE,product,229,229,104,119,6,45.41484716,39.09473359,51.8862595,12.79152591,,0,5.083809361,0.9464579706,0,1.325,,
Home Appliances,ALL_VALID_INTERVALS,interval,103,96,47,55,1,45.63106796,36.34207653,55.23423831,18.89216178,0,0,2.376506153,0.4997415235,0,0.8333333333,24,18.51851852
Home Appliances,EXACT_DISPLAY_INTERVALS_ONLY,interval,79,73,39,39,1,49.36708861,38.63008454,60.16279247,21.53270792,0,0,0.7655512209,0.3868494326,0,0.8117647059,0,25.72463768
Home Appliances,LEVEL2_STABLE_INTERVALS_ONLY,interval,103,96,47,55,1,45.63106796,36.34207653,55.23423831,18.89216178,0,0,2.376506153,0.4997415235,0,0.8333333333,24,18.51851852
Home Appliances,EXCLUDE_FAVORITE_OUTLIER_ENDPOINTS,interval,90,83,40,49,1,44.44444444,34.61548633,54.72825887,20.11277254,0,0,0.6942060717,0.3055882775,0,0.6666666667,11,25.35714286
Home Appliances,PRODUCT_LEVEL_MEDIAN_DAILY_CHANGE,product,96,96,46,49,1,47.91666667,38.19724567,57.79640828,19.59916261,,0,2.507676149,0.5354955941,0,0.8333333333,,
Men Clothes,ALL_VALID_INTERVALS,interval,613,481,242,353,18,39.47797716,35.68547269,43.4015409,7.716068216,0,0,0.8497679081,0.1751471677,0,0.3333333333,119,6.76132522
Men Clothes,EXACT_DISPLAY_INTERVALS_ONLY,interval,494,382,222,254,18,44.93927126,40.60851989,49.34812496,8.739605074,0,0,0.3851317864,0.1964806825,0,0.4,0,6.413043478
Men Clothes,LEVEL2_STABLE_INTERVALS_ONLY,interval,613,481,242,353,18,39.47797716,35.68547269,43.4015409,7.716068216,0,0,0.8497679081,0.1751471677,0,0.3333333333,119,6.76132522
Men Clothes,EXCLUDE_FAVORITE_OUTLIER_ENDPOINTS,interval,548,430,227,303,18,41.42335766,37.37270609,45.59342042,8.220714334,0,0,0.4276031589,0.1768326142,0,0.3664772727,54,8.635578584
Men Clothes,PRODUCT_LEVEL_MEDIAN_DAILY_CHANGE,product,481,481,211,257,13,43.86694387,39.49820247,48.33287473,8.834672263,,0,0.9428121211,0.1901515648,0,0.4,,
Men Shoes,ALL_VALID_INTERVALS,interval,16,15,7,9,0,43.75,23.09836334,66.82180439,43.72344106,0,0,1.625,1.142857143,0,1.125,4,73.52941176
Men Shoes,EXACT_DISPLAY_INTERVALS_ONLY,interval,12,11,6,6,0,50,25.37781704,74.62218296,49.24436592,0.5,0.04166666667,1.472222222,0.7666666667,0,1.125,0,55.55555556
Men Shoes,LEVEL2_STABLE_INTERVALS_ONLY,interval,16,15,7,9,0,43.75,23.09836334,66.82180439,43.72344106,0,0,1.625,1.142857143,0,1.125,4,73.52941176
Men Shoes,EXCLUDE_FAVORITE_OUTLIER_ENDPOINTS,interval,13,12,6,7,0,46.15384615,23.2057543,70.85656757,47.65081327,0,0,1.358974359,0.696969697,0,0.5,1,55.55555556
Men Shoes,PRODUCT_LEVEL_MEDIAN_DAILY_CHANGE,product,15,15,7,8,0,46.66666667,24.80922526,69.88336985,45.07414459,,0,1.716666667,1.211538462,0,1.625,,
Men's Bags & Wallets,ALL_VALID_INTERVALS,interval,45,42,20,23,2,44.44444444,30.93870855,58.82411658,27.88540803,0,0,0.6862071262,0.283997084,0,0.5,6,59.52380952
Men's Bags & Wallets,EXACT_DISPLAY_INTERVALS_ONLY,interval,39,36,19,18,2,48.71794872,33.86492878,63.80089135,29.93596257,0,0,0.425477087,0.318420973,0,0.55,0,32.35294118
Men's Bags & Wallets,LEVEL2_STABLE_INTERVALS_ONLY,interval,45,42,20,23,2,44.44444444,30.93870855,58.82411658,27.88540803,0,0,0.6862071262,0.283997084,0,0.5,6,59.52380952
Men's Bags & Wallets,EXCLUDE_FAVORITE_OUTLIER_ENDPOINTS,interval,43,40,20,21,2,46.51162791,32.51082626,61.08461027,28.57378401,0,0,0.7181237367,0.3002254888,0,0.55,4,59.52380952
Men's Bags & Wallets,PRODUCT_LEVEL_MEDIAN_DAILY_CHANGE,product,42,42,19,21,2,45.23809524,31.22316382,60.05113725,28.82797343,,0,0.6925812283,0.2828524417,0,0.475,,
Mobile & Accessories,ALL_VALID_INTERVALS,interval,482,380,196,272,14,40.66390041,36.36919765,45.1062462,8.737048552,0,0,1.779555578,0.3456805043,0,0.7410714286,140,11.13999257
Mobile & Accessories,EXACT_DISPLAY_INTERVALS_ONLY,interval,342,273,167,161,14,48.83040936,43.57510803,54.11169425,10.53658623,0,0,0.8224996872,0.3513960963,0,0.825,0,13.52163462
Mobile & Accessories,LEVEL2_STABLE_INTERVALS_ONLY,interval,482,380,196,272,14,40.66390041,36.36919765,45.1062462,8.737048552,0,0,1.779555578,0.3456805043,0,0.7410714286,140,11.13999257
Mobile & Accessories,EXCLUDE_FAVORITE_OUTLIER_ENDPOINTS,interval,410,323,176,220,14,42.92682927,38.22312291,47.76185298,9.538730068,0,0,1.157740685,0.3015127035,0,0.6666666667,68,20.09377093
Mobile & Accessories,PRODUCT_LEVEL_MEDIAN_DAILY_CHANGE,product,380,380,167,201,12,43.94736842,39.04228689,48.97360299,9.931316098,,0,1.845018015,0.38963789,0,0.7548076923,,
Muslim Fashion,ALL_VALID_INTERVALS,interval,19,18,13,6,0,68.42105263,46.01001018,84.635829,38.62581882,7,1.5,2.702472089,2.226292335,0,3.05,5,47.2027972
Muslim Fashion,EXACT_DISPLAY_INTERVALS_ONLY,interval,14,13,13,1,0,92.85714286,68.53073045,98.72781139,30.19708094,11,2.181818182,3.667640693,3.153914141,1.5,4.25,0,47.2027972
Muslim Fashion,LEVEL2_STABLE_INTERVALS_ONLY,interval,19,18,13,6,0,68.42105263,46.01001018,84.635829,38.62581882,7,1.5,2.702472089,2.226292335,0,3.05,5,47.2027972
Muslim Fashion,EXCLUDE_FAVORITE_OUTLIER_ENDPOINTS,interval,16,15,13,3,0,81.25,56.99064013,93.40852123,36.41788109,8.5,2,3.209185606,2.703354978,0.8875,3.75,2,47.2027972
Muslim Fashion,PRODUCT_LEVEL_MEDIAN_DAILY_CHANGE,product,18,18,12,6,0,66.66666667,43.74906934,83.72144564,39.97237629,,1.5,2.683164983,2.174810606,0,2.878409091,,
Others,ALL_VALID_INTERVALS,interval,0,0,0,0,0,,,,,,,,,,,0,
Others,EXACT_DISPLAY_INTERVALS_ONLY,interval,0,0,0,0,0,,,,,,,,,,,0,
Others,LEVEL2_STABLE_INTERVALS_ONLY,interval,0,0,0,0,0,,,,,,,,,,,0,
Others,EXCLUDE_FAVORITE_OUTLIER_ENDPOINTS,interval,0,0,0,0,0,,,,,,,,,,,0,
Others,PRODUCT_LEVEL_MEDIAN_DAILY_CHANGE,product,0,0,0,0,0,,,,,,,,,,,,
Sports & Outdoor,ALL_VALID_INTERVALS,interval,92,87,36,55,1,39.13043478,29.78546578,49.34676908,19.5613033,0,0,0.6108026334,0.1500207375,0,0.3,21,23.31002331
Sports & Outdoor,EXACT_DISPLAY_INTERVALS_ONLY,interval,71,67,33,37,1,46.47887324,35.35825709,57.96096644,22.60270935,0,0,0.3075333508,0.1772199049,0,0.3666666667,0,13.17829457
Sports & Outdoor,LEVEL2_STABLE_INTERVALS_ONLY,interval,92,87,36,55,1,39.13043478,29.78546578,49.34676908,19.5613033,0,0,0.6108026334,0.1500207375,0,0.3,21,23.31002331
Sports & Outdoor,EXCLUDE_FAVORITE_OUTLIER_ENDPOINTS,interval,78,74,33,44,1,42.30769231,31.95888522,53.37864484,21.41975961,0,0,0.279934204,0.1578364778,0,0.3,7,13.17829457
Sports & Outdoor,PRODUCT_LEVEL_MEDIAN_DAILY_CHANGE,product,87,87,34,52,1,39.08045977,29.49766847,49.58680384,20.08913537,,0,0.6341428686,0.1560298856,0,0.3166666667,,
Tickets & Vouchers,ALL_VALID_INTERVALS,interval,3,3,2,1,0,66.66666667,20.76549551,93.85096847,73.08547296,3,0.3333333333,0.5873015873,0.5873015873,0.1666666667,0.880952381,0,76.92307692
Tickets & Vouchers,EXACT_DISPLAY_INTERVALS_ONLY,interval,3,3,2,1,0,66.66666667,20.76549551,93.85096847,73.08547296,3,0.3333333333,0.5873015873,0.5873015873,0.1666666667,0.880952381,0,76.92307692
Tickets & Vouchers,LEVEL2_STABLE_INTERVALS_ONLY,interval,3,3,2,1,0,66.66666667,20.76549551,93.85096847,73.08547296,3,0.3333333333,0.5873015873,0.5873015873,0.1666666667,0.880952381,0,76.92307692
Tickets & Vouchers,EXCLUDE_FAVORITE_OUTLIER_ENDPOINTS,interval,3,3,2,1,0,66.66666667,20.76549551,93.85096847,73.08547296,3,0.3333333333,0.5873015873,0.5873015873,0.1666666667,0.880952381,0,76.92307692
Tickets & Vouchers,PRODUCT_LEVEL_MEDIAN_DAILY_CHANGE,product,3,3,2,1,0,66.66666667,20.76549551,93.85096847,73.08547296,,0.3333333333,0.5873015873,0.5873015873,0.1666666667,0.880952381,,
Travel & Luggage,ALL_VALID_INTERVALS,interval,8,8,2,6,0,25,7.147768886,59.07301209,51.9252432,0,0,0.8345588235,0.8345588235,0,0.375,0,96.7032967
Travel & Luggage,EXACT_DISPLAY_INTERVALS_ONLY,interval,8,8,2,6,0,25,7.147768886,59.07301209,51.9252432,0,0,0.8345588235,0.8345588235,0,0.375,0,96.7032967
Travel & Luggage,LEVEL2_STABLE_INTERVALS_ONLY,interval,8,8,2,6,0,25,7.147768886,59.07301209,51.9252432,0,0,0.8345588235,0.8345588235,0,0.375,0,96.7032967
Travel & Luggage,EXCLUDE_FAVORITE_OUTLIER_ENDPOINTS,interval,8,8,2,6,0,25,7.147768886,59.07301209,51.9252432,0,0,0.8345588235,0.8345588235,0,0.375,0,96.7032967
Travel & Luggage,PRODUCT_LEVEL_MEDIAN_DAILY_CHANGE,product,8,8,2,6,0,25,7.147768886,59.07301209,51.9252432,,0,0.8345588235,0.8345588235,0,0.375,,
Watches,ALL_VALID_INTERVALS,interval,73,64,27,46,0,36.98630137,26.82298302,48.450827,21.62784398,0,0,0.8312454669,0.2729180424,0,0.75,19,24.87562189
Watches,EXACT_DISPLAY_INTERVALS_ONLY,interval,54,46,25,29,0,46.2962963,33.68968899,59.39487298,25.70518399,0,0,0.5835972669,0.3659582841,0,0.8333333333,0,21.78217822
Watches,LEVEL2_STABLE_INTERVALS_ONLY,interval,73,64,27,46,0,36.98630137,26.82298302,48.450827,21.62784398,0,0,0.8312454669,0.2729180424,0,0.75,19,24.87562189
Watches,EXCLUDE_FAVORITE_OUTLIER_ENDPOINTS,interval,67,58,27,40,0,40.29850746,29.39031193,52.25888854,22.86857661,0,0,0.9056853594,0.3260999606,0,0.8166666667,13,24.87562189
Watches,PRODUCT_LEVEL_MEDIAN_DAILY_CHANGE,product,64,64,25,39,0,39.0625,28.05538855,51.30830571,23.25291716,,0,0.904910194,0.2949134199,0,0.7,,
Women Clothes,ALL_VALID_INTERVALS,interval,488,395,198,278,12,40.57377049,36.30711583,44.98767502,8.68055919,0,0,1.926594736,0.3246309791,0,0.60625,131,12.39157373
Women Clothes,EXACT_DISPLAY_INTERVALS_ONLY,interval,357,290,171,174,12,47.89915966,42.76700637,53.07604499,10.30903862,0,0,0.7905836203,0.3148518699,0,0.6666666667,0,7.32689211
Women Clothes,LEVEL2_STABLE_INTERVALS_ONLY,interval,487,395,197,278,12,40.45174538,36.18384508,44.8691056,8.685260518,0,0,1.930404112,0.3252785556,0,0.6125,131,12.39413344
Women Clothes,EXCLUDE_FAVORITE_OUTLIER_ENDPOINTS,interval,416,336,179,225,12,43.02884615,38.35610534,47.82916072,9.473055379,0,0,0.941918841,0.2825224151,0,0.6,59,4.897159647
Women Clothes,PRODUCT_LEVEL_MEDIAN_DAILY_CHANGE,product,395,395,172,215,8,43.5443038,38.74005012,48.47291864,9.732868517,,0,2.006866593,0.373184826,0,0.6666666667,,
Women Shoes,ALL_VALID_INTERVALS,interval,41,38,21,19,1,51.2195122,36.48425932,65.74581276,29.26155344,1,0.1,0.4398567557,0.2932419432,0,0.5714285714,8,23.21428571
Women Shoes,EXACT_DISPLAY_INTERVALS_ONLY,interval,33,30,21,11,1,63.63636364,46.61587262,77.81303383,31.19716121,1,0.2222222222,0.5464886965,0.4271898883,0,0.8888888889,0,23.21428571
Women Shoes,LEVEL2_STABLE_INTERVALS_ONLY,interval,41,38,21,19,1,51.2195122,36.48425932,65.74581276,29.26155344,1,0.1,0.4398567557,0.2932419432,0,0.5714285714,8,23.21428571
Women Shoes,EXCLUDE_FAVORITE_OUTLIER_ENDPOINTS,interval,36,33,21,14,1,58.33333333,42.19996966,72.85966649,30.65969683,1,0.2,0.5009479718,0.3844708995,0,0.8222222222,3,23.21428571
Women Shoes,PRODUCT_LEVEL_MEDIAN_DAILY_CHANGE,product,38,38,19,18,1,50,34.84967553,65.15032447,30.30064893,,0.05,0.4252401838,0.321937004,0,0.5119047619,,
Women's Bags,ALL_VALID_INTERVALS,interval,70,65,34,36,0,48.57142857,37.24568238,60.04581726,22.80013488,0,0,2.771437333,0.7982252371,0,1.2375,23,19.02949572
Women's Bags,EXACT_DISPLAY_INTERVALS_ONLY,interval,47,46,27,20,0,57.44680851,43.28166877,70.486584,27.20491523,2,0.2727272727,1.095757729,0.5307849558,0,1.1,0,33.46613546
Women's Bags,LEVEL2_STABLE_INTERVALS_ONLY,interval,70,65,34,36,0,48.57142857,37.24568238,60.04581726,22.80013488,0,0,2.771437333,0.7982252371,0,1.2375,23,19.02949572
Women's Bags,EXCLUDE_FAVORITE_OUTLIER_ENDPOINTS,interval,55,53,29,26,0,52.72727273,39.79131907,65.30711469,25.51579562,1,0.25,1.345465696,0.526680295,0,1.1,8,22.172949
Women's Bags,PRODUCT_LEVEL_MEDIAN_DAILY_CHANGE,product,65,65,34,31,0,52.30769231,40.3794204,63.97840975,23.59898934,,0.2,2.67483461,1.029514144,0,1.5,,
