elapsed_days,interval_count,interval_share_percent,cumulative_interval_share_percent
1,725,19.605192,19.605192
2,508,13.73715522,33.34234721
3,431,11.65494862,44.99729584
4,379,10.24878313,55.24607896
5,258,6.976744186,62.22282315
6,232,6.273661439,68.49648459
7,226,6.111411574,74.60789616
8,162,4.380746349,78.98864251
9,115,3.109789075,82.09843158
10,131,3.542455381,85.64088697
11,114,3.082747431,88.7236344
12,169,4.570037858,93.29367226
13,56,1.514332071,94.80800433
14,50,1.352082207,96.16008653
15,47,1.270957274,97.43104381
16,22,0.5949161709,98.02595998
17,43,1.162790698,99.18875068
18,21,0.5678745268,99.7566252
19,9,0.2433747972,100
