broad_product_category,observed_stable_category_product_count,stable_repeated_product_count,observed_date_count,eligible_exact_interval_count,eligible_favorite_movement_product_count,positive_product_count,zero_product_count,negative_product_count,positive_breadth_wilson_95_lower_percent,positive_breadth_wilson_95_upper_percent,positive_breadth_wilson_95_width_percentage_points,evidence_sufficiency_tier,product_movement_percentile_25,product_movement_percentile_75,product_movement_percentile_95,product_movement_maximum,top_product_share_of_absolute_change_percent,top_five_products_share_of_absolute_change_percent,top_product_share_of_positive_change_percent,eligible_product_share_of_observed_stable_products_percent,sensitivity_status,sensitivity_review_required_flag,positive_favorite_movement_breadth,median_daily_favorite_movement_per_product,further_investigation_candidate_flag,analysis_classification,breadth_magnitude_pattern,business_interpretation
Fashion,6259,1257,20,1077,881,463,394,24,49.25258102,55.83307498,6.580493961,HIGH,0,0.6666666667,3,21.33333333,4.112092598,13.82881511,4.161528977,14.07573095,UNSTABLE,True,52.553916,0.09090909091,False,POSITIVE_SIGNAL_WITH_QUALIFICATION,POSITIVE_MAJORITY_AND_POSITIVE_TYPICAL_MOVEMENT,"Among 881 eligible tracked products, 52.55% had positive product-level movement and the typical product changed by 0.091 displayed favorites per day; evidence is HIGH and sensitivity is unstable."
Groceries & Pets,965,147,20,125,112,72,35,5,55.07337762,72.55055022,17.4771726,HIGH,0,0.675,1.93125,49.66666667,41.79523142,64.79663394,42.14992928,11.60621762,DIRECTIONALLY_STABLE,True,64.28571429,0.2111111111,False,POSITIVE_SIGNAL_WITH_QUALIFICATION,POSITIVE_MAJORITY_AND_POSITIVE_TYPICAL_MOVEMENT,"Among 112 eligible tracked products, 64.29% had positive product-level movement and the typical product changed by 0.211 displayed favorites per day; evidence is HIGH and sensitivity is directionally stable."
Home,1872,336,20,221,194,111,76,7,50.18055076,63.97218557,13.7916348,HIGH,0,0.9583333333,4,11.83333333,12.24920803,35.48046463,12.39316239,10.36324786,UNSTABLE,True,57.21649485,0.1715686275,False,POSITIVE_SIGNAL_WITH_QUALIFICATION,POSITIVE_MAJORITY_AND_POSITIVE_TYPICAL_MOVEMENT,"Among 194 eligible tracked products, 57.22% had positive product-level movement and the typical product changed by 0.172 displayed favorites per day; evidence is HIGH and sensitivity is unstable."
Mobile & Technology,2346,427,20,373,304,159,131,14,46.69424415,57.85354926,11.15930512,HIGH,0,0.7757867133,3.701875,37.5,11.87335092,30.81794195,11.98083067,12.95822677,UNSTABLE,True,52.30263158,0.08333333333,False,POSITIVE_SIGNAL_WITH_QUALIFICATION,POSITIVE_MAJORITY_AND_POSITIVE_TYPICAL_MOVEMENT,"Among 304 eligible tracked products, 52.30% had positive product-level movement and the typical product changed by 0.083 displayed favorites per day; evidence is HIGH and sensitivity is unstable."
Automotive,656,134,18,118,96,45,49,2,37.2059057,56.78457522,19.57866952,MODERATE,0,0.525,4.333333333,20,14.65201465,45.42124542,14.7601476,14.63414634,ROBUST,False,46.875,0,False,LIMITED_OBSERVED_MOVEMENT,NO_POSITIVE_MAJORITY_AND_NONPOSITIVE_TYPICAL_MOVEMENT,"Among 96 eligible tracked products, 46.88% had positive product-level movement and the typical product changed by 0.000 displayed favorites per day; evidence is MODERATE and sensitivity is robust."
Baby & Kids,1277,193,19,163,148,77,69,2,44.02912122,59.92236507,15.89324385,MODERATE,0,0.5785714286,2.695,10,6.010928962,23.49726776,6.060606061,11.58966327,UNSTABLE,True,52.02702703,0.1428571429,False,POSITIVE_SIGNAL_WITH_QUALIFICATION,POSITIVE_MAJORITY_AND_POSITIVE_TYPICAL_MOVEMENT,"Among 148 eligible tracked products, 52.03% had positive product-level movement and the typical product changed by 0.143 displayed favorites per day; evidence is MODERATE and sensitivity is unstable."
Health & Beauty,1926,441,19,411,337,212,114,11,57.63217065,67.89288263,10.26071198,MODERATE,0,0.6666666667,3.065873016,12.125,6.394199077,21.62162162,6.449468085,17.49740395,ROBUST,False,62.90801187,0.1666666667,False,POSITIVE_SIGNAL_WITH_QUALIFICATION,POSITIVE_MAJORITY_AND_POSITIVE_TYPICAL_MOVEMENT,"Among 337 eligible tracked products, 62.91% had positive product-level movement and the typical product changed by 0.167 displayed favorites per day; evidence is MODERATE and sensitivity is robust."
Sports & Outdoor,694,89,18,71,67,31,35,1,34.85824888,58.08375131,23.22550243,MODERATE,0,0.3714285714,1.703333333,2.833333333,13.17829457,45.73643411,13.28125,9.654178674,ROBUST,False,46.26865672,0,False,LIMITED_OBSERVED_MOVEMENT,NO_POSITIVE_MAJORITY_AND_NONPOSITIVE_TYPICAL_MOVEMENT,"Among 67 eligible tracked products, 46.27% had positive product-level movement and the typical product changed by 0.000 displayed favorites per day; evidence is MODERATE and sensitivity is robust."
Entertainment & Hobbies,322,22,13,20,19,16,3,0,62.43407236,94.47962896,32.0455566,INSUFFICIENT,,,,,,,,5.900621118,NOT_ASSESSABLE_INSUFFICIENT_EVIDENCE,False,,,False,INSUFFICIENT_EVIDENCE,NOT_ASSESSABLE,Movement KPIs are suppressed: 19 eligible products across 13 sampled dates do not meet the MODERATE evidence gates.
Others,45,0,2,0,0,0,0,0,,,,INSUFFICIENT,,,,,,,,0,NOT_ASSESSABLE_INSUFFICIENT_EVIDENCE,False,,,False,INSUFFICIENT_EVIDENCE,NOT_ASSESSABLE,Movement KPIs are suppressed: 0 eligible products across 2 sampled dates do not meet the MODERATE evidence gates.
Tickets & Vouchers,101,5,12,3,3,2,1,0,20.76549551,93.85096847,73.08547296,INSUFFICIENT,,,,,,,,2.97029703,NOT_ASSESSABLE_INSUFFICIENT_EVIDENCE,False,,,False,INSUFFICIENT_EVIDENCE,NOT_ASSESSABLE,Movement KPIs are suppressed: 3 eligible products across 12 sampled dates do not meet the MODERATE evidence gates.
Travel,143,11,10,8,8,2,6,0,7.147768886,59.07301209,51.9252432,INSUFFICIENT,,,,,,,,5.594405594,NOT_ASSESSABLE_INSUFFICIENT_EVIDENCE,False,,,False,INSUFFICIENT_EVIDENCE,NOT_ASSESSABLE,Movement KPIs are suppressed: 8 eligible products across 10 sampled dates do not meet the MODERATE evidence gates.
