field,raw_missing_count,raw_missing_pct,treatment,processed_missing_flag
price_ori,200,0.98464,PRESERVED_NOT_IMPUTED,price_ori_missing_flag
delivery,13754,67.713667,PRESERVED_NOT_IMPUTED,delivery_missing_flag
item_category_detail,0,0,PRESERVED_NOT_IMPUTED,NOT_CREATED_NOT_ANALYTICALLY_CRITICAL
specification,11,0.054155,PRESERVED_NOT_IMPUTED,specification_missing_flag
title,0,0,PRESERVED_NOT_IMPUTED,NOT_CREATED_NOT_ANALYTICALLY_CRITICAL
w_date,0,0,PRESERVED_NOT_IMPUTED,NOT_CREATED_NOT_ANALYTICALLY_CRITICAL
link_ori,0,0,PRESERVED_NOT_IMPUTED,NOT_CREATED_NOT_ANALYTICALLY_CRITICAL
item_rating,11,0.054155,PRESERVED_NOT_IMPUTED,item_rating_missing_flag
seller_name,11,0.054155,PRESERVED_NOT_IMPUTED,seller_name_missing_flag
idElastic,0,0,PRESERVED_NOT_IMPUTED,NOT_CREATED_NOT_ANALYTICALLY_CRITICAL
price_actual,15,0.073848,PRESERVED_NOT_IMPUTED,price_actual_missing_flag
sitename,0,0,PRESERVED_NOT_IMPUTED,NOT_CREATED_NOT_ANALYTICALLY_CRITICAL
idHash,0,0,PRESERVED_NOT_IMPUTED,NOT_CREATED_NOT_ANALYTICALLY_CRITICAL
total_rating,11,0.054155,PRESERVED_NOT_IMPUTED,total_rating_missing_flag
id,0,0,PRESERVED_NOT_IMPUTED,NOT_CREATED_NOT_ANALYTICALLY_CRITICAL
total_sold,11,0.054155,PRESERVED_NOT_IMPUTED,total_sold_missing_flag
pict_link,0,0,PRESERVED_NOT_IMPUTED,NOT_CREATED_NOT_ANALYTICALLY_CRITICAL
favorite,1070,5.267822,PRESERVED_NOT_IMPUTED,favorite_missing_flag
timestamp,0,0,PRESERVED_NOT_IMPUTED,NOT_CREATED_NOT_ANALYTICALLY_CRITICAL
desc,0,0,PRESERVED_NOT_IMPUTED,NOT_CREATED_NOT_ANALYTICALLY_CRITICAL
