check_area,source_row_number,id,raw_value,derived_value,expected_value,result
DATE,1,88f051f0a2dcf0d29191e0175b828938,2023-04-27,2023-04-27,2023-04-27,PASS
DATE,10157,a40c728184bb87f8e5a16e01b6886aff,2023-05-12,2023-05-12,2023-05-12,PASS
DATE,20312,d68e3099f5998e53d9d39893be6730f7,2023-05-13,2023-05-13,2023-05-13,PASS
COMPACT_COUNT,3,ec6ce64f4b77efb38b6392818959f181,8.1k,8100.0,8100.0,PASS
COMPACT_COUNT,4,ef4e0e17fdc7d0125d8609dcc395bc3d,6.5k,6500.0,6500.0,PASS
COMPACT_COUNT,10,b366a4324e4b231e6ab53f6bc35962ff,2.9k,2900.0,2900.0,PASS
PRICE_SENTINEL,8169,0a069dba94f3badb8afa8ba9bc29118f,ori=999999999.00; actual=999999999.00,ori=SENTINEL_999999999; actual=SENTINEL_999999999,sentinel excluded from clean price,PASS
PRICE_SENTINEL,8677,0a069dba94f3badb8afa8ba9bc29118f,ori=999999999.00; actual=999999999.00,ori=SENTINEL_999999999; actual=SENTINEL_999999999,sentinel excluded from clean price,PASS
NEGATIVE_CHANGE,19815,a89de67013aa65b2c8162eb1ed8393c7,1,-13,negative; blocked,PASS
NEGATIVE_CHANGE,20271,b17ba7b5edb56b7bbe521140dd5680fc,2,-8,negative; blocked,PASS
