source_table,unit_of_analysis,field,total_row_count,valid_count,missing_count,missing_percent,mean,trimmed_mean_10_percent,median,standard_deviation,minimum,percentile_05,percentile_25,percentile_75,percentile_95,percentile_99,maximum,interpretation_note
shopee_product_coverage.csv,product,observation_count,16614,16614,0,0,1.222583363,1.106003611,1,0.5105806828,1,1,1,1,2,3,5,Snapshots observed for a product.
shopee_product_coverage.csv,product,observation_span_days,16614,16614,0,0,1.173829301,0.2485705688,0,3.172976064,0,0,0,0,9,15,19,Days between first and last observation; zero for one-time products.
shopee_matched_observations.csv,matched interval,elapsed_days,3698,3698,0,0,5.273661439,4.701351351,4,4.179922082,1,1,2,8,14,17,19,Positive days between consecutive product observations.
shopee_product_snapshots.csv,snapshot,actual_price,20312,20282,30,0.1476959433,345.1044152,34.29233576,10,4588.117791,0.06,0.19,1,69,587.955,3412.11,205500,Valid displayed actual price; not realized revenue.
shopee_product_snapshots.csv,snapshot,original_price,20312,20097,215,1.058487594,404.4830218,47.47527645,19.9,4934.229108,0.1,0.27,2.29,89.9,769,4799,274342.79,Valid displayed original/reference price.
shopee_product_snapshots.csv,snapshot,discount_percent,20312,20086,226,1.112642773,25.58736554,21.30450354,8.884853821,30.41035473,0,0,0,50,84.48880318,95.17655172,99.70588235,Displayed markdown for valid comparable price pairs.
shopee_product_snapshots.csv,snapshot,favorite_count_approx,20312,19241,1071,5.272745175,1296.724443,524.8011434,207,3655.81072,1,3,39,975,5900,17160,96600,Displayed favorite count; compact values are approximate.
shopee_product_snapshots.csv,snapshot,average_rating,20312,19384,928,4.568727846,4.889780231,4.911968017,4.9,0.1536475402,1,4.7,4.9,5,5,5,5,Valid displayed average rating.
shopee_matched_observations.csv,matched interval,actual_price_change,3698,3690,8,0.2163331531,-0.1014742547,0,0,26.21160406,-1050,0,0,0,0.1155,10.0517,550,Current minus previous valid displayed actual price.
shopee_matched_observations.csv,matched interval,actual_price_change_percent,3698,3690,8,0.2163331531,1.905396264,0,0,44.90589813,-77.71084337,0,0,0,3.037445422,26.55198715,2400,Displayed actual-price change divided by previous valid price.
shopee_matched_observations.csv,matched interval,discount_percentage_point_change,3698,3609,89,2.406706328,-0.1607608519,0,0,4.846616726,-96,-0.02795366514,0,0,0,7.873286913,77.71084337,Current minus previous displayed discount percentage.
shopee_matched_observations.csv,matched interval,favorite_count_change_approx,3698,3489,209,5.651703624,9.145600459,1.44575725,0,37.39670803,-3,0,0,3,100,100,1000,Approximate displayed favorite change where endpoints are valid.
shopee_matched_observations.csv,matched interval,favorite_change_per_day_approx,3698,3489,209,5.651703624,1.858427157,0.3058417495,0,7.886795498,-1,0,0,0.6,8.5,42.85714286,100,Approximate favorite change normalized by elapsed days.
shopee_matched_observations.csv,matched interval,average_rating_change,3698,3500,198,5.354245538,-0.001085714286,0,0,0.02734238934,-1,0,0,0,0,0,0.2,Current minus previous valid average rating.
