column,raw_dtype,rows,non_null,missing,missing_pct,unique_non_null,cardinality_pct,memory_bytes_deep
price_ori,float64,20312,20112,200,0.9846,2964,14.5924,162496
delivery,str,20312,6558,13754,67.7137,1,0.0049,899188
item_category_detail,str,20312,20312,0,0.0,1152,5.6715,2112778
specification,str,20312,20301,11,0.0542,19264,94.8405,4556974
title,str,20312,20312,0,0.0,16430,80.8881,4881648
w_date,str,20312,20312,0,0.0,20,0.0985,1198408
link_ori,str,20312,20312,0,0.0,16614,81.794,3971082
item_rating,str,20312,20301,11,0.0542,23,0.1132,1066091
seller_name,str,20312,20301,11,0.0542,9226,45.4214,1236581
idElastic,str,20312,20312,0,0.0,20312,100.0,1645272
price_actual,float64,20312,20297,15,0.0738,3371,16.5961,162496
sitename,str,20312,20312,0,0.0,1,0.0049,1117160
idHash,str,20312,20312,0,0.0,16614,81.794,1645272
total_rating,str,20312,20301,11,0.0542,1329,6.5429,1050328
id,str,20312,20312,0,0.0,16614,81.794,1645272
total_sold,str,20312,20301,11,0.0542,1329,6.5429,1050328
pict_link,str,20312,20312,0,0.0,16584,81.6463,2498376
favorite,str,20312,19242,1070,5.2678,1267,6.2377,1221984
timestamp,int64,20312,20312,0,0.0,20,0.0985,162496
desc,str,20312,20312,0,0.0,16577,81.6119,73656020
