category_l2,first_date,last_date,days_present,total_observations,min_daily_products,max_daily_products,median_daily_products,repeated_products
Automotive,2023-04-24,2023-05-13,18,822,2,241,18.5,135
Baby & Toys,2023-04-24,2023-05-13,19,1496,14,340,45.0,197
Cameras & Drones,2023-04-25,2023-05-13,13,452,1,170,15.0,13
Computer & Accessories,2023-04-24,2023-05-13,17,391,4,163,8.0,19
Fashion Accessories,2023-04-24,2023-05-13,16,410,2,97,9.0,38
"Games, Books & Hobbies",2023-04-24,2023-05-13,13,345,1,159,5.0,22
Gaming & Consoles,2023-04-26,2023-05-13,9,148,2,62,7.0,7
Groceries & Pets,2023-04-24,2023-05-13,20,1130,1,263,34.0,148
Health & Beauty,2023-04-24,2023-05-13,19,2464,17,481,89.0,443
Home & Living,2023-04-24,2023-05-13,19,1316,8,218,50.0,231
Home Appliances,2023-04-24,2023-05-13,20,948,1,251,25.0,108
Men Clothes,2023-04-24,2023-05-13,20,2458,28,311,87.5,527
Men Shoes,2023-04-24,2023-05-13,14,209,1,118,3.5,16
Men's Bags & Wallets,2023-04-24,2023-05-13,16,492,1,160,9.0,44
Mobile & Accessories,2023-04-24,2023-05-13,20,1887,13,379,69.5,389
Muslim Fashion,2023-04-24,2023-05-13,14,419,1,179,7.0,18
Others,2023-04-26,2023-05-01,2,45,5,40,22.5,0
Sports & Outdoor,2023-04-24,2023-05-13,18,788,1,293,10.0,89
Tickets & Vouchers,2023-04-24,2023-05-12,12,106,1,40,5.5,5
Travel & Luggage,2023-04-25,2023-05-13,10,154,1,67,10.5,11
Watches,2023-04-24,2023-05-13,20,533,4,96,19.0,98
Women Clothes,2023-04-24,2023-05-13,20,2232,17,412,91.0,414
Women Shoes,2023-04-24,2023-05-13,17,444,1,102,12.0,40
Women's Bags,2023-04-24,2023-05-13,17,623,1,122,14.0,66
