id,w_date,title,seller_name,item_category_detail
1f45e492accb2bdc3dc3adfb8b90453e,2023-04-27,YESMEN SPRAY✔️LULUS KKM✔️100% ORIGINAL HQ✔️ | Shopee Malaysia,coolshark22,Shopee | Health & Beauty | Personal Care | Others
1f45e492accb2bdc3dc3adfb8b90453e,2023-05-01,YESMEN SPRAY✔️LULUS KKM✔️100% ORIGINAL HQ✔️ | Shopee Malaysia,coolshark22,Shopee | Health & Beauty | Personal Pleasure | Adult Accessories & Others
2cef2ecd1c114fd1209377241104a9dd,2023-05-06,2pcs/set Universal Mini Car Safety Seat Belt Adjustable Clip Buckle Klip Tali Pinggang Keledar Kenderaan Lock Stopper | Shopee Malaysia,brozcaraccessories,Shopee | Baby & Toys | Baby Gear | Car Seats
2cef2ecd1c114fd1209377241104a9dd,2023-05-11,2pcs/set Universal Mini Car Safety Seat Belt Adjustable Clip Buckle Klip Tali Pinggang Keledar Kenderaan Lock Stopper | Shopee Malaysia,brozcaraccessories,Shopee | Automotive | Car Accessories | Seat Covers
3b309403af78ffe525a596025ab330bf,2023-04-25,50000mAh PowerBank Built-in 3 Cables Portable Fast Charging Full Screen Power bank External Batter | Shopee Malaysia,shuma3c,Shopee | Mobile & Accessories | Powerbanks & Batteries | Others
3b309403af78ffe525a596025ab330bf,2023-05-02,50000mAh PowerBank Built-in 3 Cables Portable Fast Charging Full Screen Power bank External Batter | Shopee Malaysia,shuma3c,Shopee | Mobile & Accessories | Powerbanks & Batteries | Powerbanks
3f3402954755f98dda0162ae185a5ef8,2023-04-30,Custom Made (Print Logo)Commodity packaging bag Frosted Zipper Bag Matte Clothes Storage Transparent Bag Waterproof Transparent Travel Bag Seal Merchant Packaging bag Hijab bag | Shopee Malaysia,goodlife01.my,Shopee | Home & Living | Housekeeping & Laundry | Plastic Bags & Trash Bags
3f3402954755f98dda0162ae185a5ef8,2023-05-02,Custom Made (Print Logo)Commodity packaging bag Frosted Zipper Bag Matte Clothes Storage Transparent Bag Waterproof Transparent Travel Bag Seal Merchant Packaging bag Hijab bag | Shopee Malaysia,goodlife01.my,Shopee | Home & Living | Housekeeping & Laundry | Plastic Bags & Trash Bags
3f3402954755f98dda0162ae185a5ef8,2023-05-11,Custom Made (Print Logo)Commodity packaging bag Frosted Zipper Bag Matte Clothes Storage Transparent Bag Waterproof Transparent Travel Bag Seal Merchant Packaging bag Hijab bag | Shopee Malaysia,goodlife01.my,Shopee | Health & Beauty | Brushes & Beauty Tools | Makeup Bags & Organiser
3f3402954755f98dda0162ae185a5ef8,2023-05-13,Custom Made (Print Logo)Commodity packaging bag Frosted Zipper Bag Matte Clothes Storage Transparent Bag Waterproof Transparent Travel Bag Seal Merchant Packaging bag Hijab bag | Shopee Malaysia,goodlife01.my,Shopee | Home & Living | Handmade | Gift Wrapping
40540ddbf5a34979db588065f4716cf2,2023-04-26,zip jacket 5# normal | Shopee Malaysia,abilitycc.tailor,Shopee | Home & Living | Fabric & Materials | Others
40540ddbf5a34979db588065f4716cf2,2023-05-10,zip jacket 5# normal | Shopee Malaysia,abilitycc.tailor,Shopee | Women Clothes | Outerwear | Coats & Jackets
40540ddbf5a34979db588065f4716cf2,2023-05-13,zip jacket 5# normal | Shopee Malaysia,abilitycc.tailor,Shopee | Women Clothes | Outerwear | Coats & Jackets
481b6869c8de13b7b82d34f129b70eee,2023-04-30,(Hot Item)Dr Max ubatt /supplement/men power 100%original candy men | Shopee Malaysia,becomebigboy,Shopee | Health & Beauty | Supplements | Well-being
481b6869c8de13b7b82d34f129b70eee,2023-05-12,(Hot Item)Dr Max ubatt /supplement/men power 100%original candy men | Shopee Malaysia,becomebigboy,Shopee | Health & Beauty | Personal Pleasure | Adult Accessories & Others
49b9e99bfa0990fb478ad856b2d6bb46,2023-04-25,魔芋爽 中国小零食 Konjac snacks 15g | Shopee Malaysia,guantyetrading,Shopee | Groceries & Pets | Canned & Packed Food | Preserved Vegetables
49b9e99bfa0990fb478ad856b2d6bb46,2023-05-11,魔芋爽 中国小零食 Konjac snacks 15g | Shopee Malaysia,guantyetrading,Shopee | Groceries & Pets | Snacks | Others
52f825884a809450dd4e1ba6b8c891c3,2023-05-01,🍒CHERRY🍒99800Mah Car Jumper Car PowerBank Multi function Car Pump Starter Car Tyre Jumper Kereta Car Emergency Powerban | Shopee Malaysia,cherryhouseholdmall,Shopee | Automotive | Car Replacement Parts | Batteries
52f825884a809450dd4e1ba6b8c891c3,2023-05-08,🍒CHERRY🍒99800Mah Car Jumper Car PowerBank Multi function Car Pump Starter Car Tyre Jumper Kereta Car Emergency Powerban | Shopee Malaysia,cherryhouseholdmall,Shopee | Automotive | Car Replacement Parts | Automotive Tools & Equipment
5414835efcee0a393e46aa15d03d6166,2023-04-27,POS SETIAP HARI -  Stok Masih Ada Mx spray / 100%original from HQ | Tahan Lama | Shopee Malaysia,sefarra.store,Shopee | Health & Beauty | Personal Care | Others
5414835efcee0a393e46aa15d03d6166,2023-05-06,POS SETIAP HARI -  Stok Masih Ada Mx spray / 100%original from HQ | Tahan Lama | Shopee Malaysia,sefarra.store,Shopee | Health & Beauty | Personal Care | Feminine Care
630f690e4fb8394570defb041140b624,2023-05-08,2023 NEW! Best Selling DR MAX Untuk Lelaki rambo candy for men booster rambo candy | Shopee Malaysia,stella.manja,Shopee | Health & Beauty | Personal Care | Others
630f690e4fb8394570defb041140b624,2023-05-12,2023 NEW! Best Selling DR MAX Untuk Lelaki rambo candy for men booster rambo candy | Shopee Malaysia,stella.manja,Shopee | Health & Beauty | Personal Pleasure | Adult Accessories & Others
767a6a3001f0609a4aa067ef59c72bdf,2023-04-27,🇲🇾2pcs Disposable Glove Individual Pack hygiene Glove Food Prepare Glove | Shopee Malaysia,yumy.store,Shopee | Health & Beauty | Others | Others
767a6a3001f0609a4aa067ef59c72bdf,2023-04-29,🇲🇾2pcs Disposable Glove Individual Pack hygiene Glove Food Prepare Glove | Shopee Malaysia,yumy.store,Shopee | Health & Beauty | Others | Others
767a6a3001f0609a4aa067ef59c72bdf,2023-05-12,🇲🇾2pcs Disposable Glove Individual Pack hygiene Glove Food Prepare Glove | Shopee Malaysia,yumy.store,Shopee | Home & Living | Kitchen & Dining | Aprons & Kitchen Gloves
915f59c39a249b25f722a2ae6c9e8300,2023-05-03,[Not For Sale] Ribena Thermal Cooler Bag | Shopee Malaysia,suntory.os,Shopee | Groceries & Pets | Beverages | Cordials & Syrup
915f59c39a249b25f722a2ae6c9e8300,2023-05-10,[Not For Sale] Ribena Thermal Cooler Bag | Shopee Malaysia,suntory.os,Shopee | Baby & Toys | Feeding & Nursing | Breastmilk Storage Bags
b047f1a762657be211dfe519ca9961eb,2023-04-26,Harga Borong Unisex Tshirt Dewasa Size S to 6XL T-shirt Adults Ready Stock | Shopee Malaysia,sitinorliza99,Shopee | Men Clothes | Sets | Casual Set
b047f1a762657be211dfe519ca9961eb,2023-05-06,Harga Borong Unisex Tshirt Dewasa Size S to 6XL T-shirt Adults Ready Stock | Shopee Malaysia,sitinorliza99,Shopee | Men Clothes | Sets | Casual Set
b047f1a762657be211dfe519ca9961eb,2023-05-12,Harga Borong Unisex Tshirt Dewasa Size S to 6XL T-shirt Adults Ready Stock | Shopee Malaysia,sitinorliza99,Shopee | Men Clothes | Plus Size | Oversize T-Shirts
d6cd929437a0c6a796cd0a16c61d6b45,2023-05-10,[100% Original & Free Bracelet] Coach Perry Women Ladies Watch Jam Tangan Wanita Perempuan 14503126 14503127 14503484 | Shopee Malaysia,watchgod.my,Shopee | Watches | Women's Watches | Others
d6cd929437a0c6a796cd0a16c61d6b45,2023-05-12,[100% Original & Free Bracelet] Coach Perry Women Ladies Watch Jam Tangan Wanita Perempuan 14503126 14503127 14503484 | Shopee Malaysia,watchgod.my,Shopee | Watches | Women's Watches | Women's Business
e21d3194f78bc677ba73ea0db1dba5a9,2023-05-07,Qrusnita Bengkung Zap V5 Extra Size + FREE GIFT | Shopee Malaysia,qrusnitahq,Shopee | Women Clothes | Maternity Wear | Set Wear
e21d3194f78bc677ba73ea0db1dba5a9,2023-05-13,Qrusnita Bengkung Zap V5 Extra Size + FREE GIFT | Shopee Malaysia,qrusnitahq,Shopee | Baby & Toys | Maternity Care | Abdominal Binder
e44e7f575249cc8b9c9de2c3b6737c50,2023-05-01,SKINTIFIC 5 Pcs with Sunscreen Skincare Low pH Cleanser + Moisture Gel + Serum Sunscreen Exfoliating Toner | Shopee Malaysia,skintificofficialstore,Shopee | Health & Beauty | Skincare | Sunscreen & Aftersun
e44e7f575249cc8b9c9de2c3b6737c50,2023-05-13,SKINTIFIC 5 Pcs with Sunscreen Skincare Low pH Cleanser + Moisture Gel + Serum Sunscreen Exfoliating Toner | Shopee Malaysia,skintificofficialstore,Shopee | Health & Beauty | Skincare | Gift Set
f13499b303673e5d6ace9a557d7047bc,2023-05-04,Crocodile SS Microfiber Spandex Digital Printed Regular Fit Shirt - Y-1161-00753 | Shopee Malaysia,crocodilemy.os,Shopee | Men Clothes | Sets | Casual Set
f13499b303673e5d6ace9a557d7047bc,2023-05-11,Crocodile SS Microfiber Spandex Digital Printed Regular Fit Shirt - Y-1161-00753 | Shopee Malaysia,crocodilemy.os,Shopee | Men Clothes | Sets | Casual Set
f13499b303673e5d6ace9a557d7047bc,2023-05-13,Crocodile SS Microfiber Spandex Digital Printed Regular Fit Shirt - Y-1161-00753 | Shopee Malaysia,crocodilemy.os,Shopee | Men Clothes | Shirts | Business & Casual Shirts
f80d564100b69b55ecca6e3756c2c691,2023-04-27,LACTATION JELL-Y 2 BOXES NUFIYA HQ + FREE GIFTS | Shopee Malaysia,nufiyahq,Shopee | Women Clothes | Maternity Wear | Innerwear
f80d564100b69b55ecca6e3756c2c691,2023-05-09,LACTATION JELL-Y 2 BOXES NUFIYA HQ + FREE GIFTS | Shopee Malaysia,nufiyahq,Shopee | Baby & Toys | Maternity Care | Postnatal Care & Supplements
f80d564100b69b55ecca6e3756c2c691,2023-05-13,LACTATION JELL-Y 2 BOXES NUFIYA HQ + FREE GIFTS | Shopee Malaysia,nufiyahq,Shopee | Baby & Toys | Maternity Care | Postnatal Care & Supplements
fcc20f7f7453d5eead2733a99fc1fb50,2023-04-28,Keychain Key Ring Cartoon Keychain Keyfob Portable Party Key chain Free Gift BABY CITY | Shopee Malaysia,pandaminimart,Shopee | Mobile & Accessories | Others | Others
fcc20f7f7453d5eead2733a99fc1fb50,2023-05-12,Keychain Key Ring Cartoon Keychain Keyfob Portable Party Key chain Free Gift BABY CITY | Shopee Malaysia,pandaminimart,Shopee | Fashion Accessories | More Accessories | Keychains & Lanyard
