date,observations,unique_products,categories_l2,sellers,mean_price_actual,median_price_actual,mean_total_sold_parsed,median_total_sold_parsed,mean_favorite_parsed,median_favorite_parsed
2023-04-24,276,276,20,262,385.0304347826087,7.5,2592.1847826086955,637.0,1989.0,470.0
2023-04-25,570,570,22,487,84.49775438596491,9.995000000000001,2969.7,694.5,2278.7266313932982,643.0
2023-04-26,581,581,21,506,279.63677586206893,7.945,3001.5655172413794,447.0,2274.976491862568,377.0
2023-04-27,486,486,21,423,126.45895061728395,7.365,2486.074074074074,415.5,2051.985010706638,460.0
2023-04-28,629,629,21,542,78.43302066772655,5.99,3396.0955414012737,713.5,2352.2038834951454,543.5
2023-04-29,405,405,20,367,68.56206467661691,3.95,3391.6345679012347,484.0,2260.4910485933506,422.0
2023-04-30,511,511,21,458,416.4139921722114,5.99,2534.788235294118,468.5,2150.926680244399,427.0
2023-05-01,3646,3646,24,2557,381.42628877298927,8.99,2299.209327846365,327.0,1717.1168604651164,344.0
2023-05-02,466,466,19,422,59.81877682403433,4.945,3537.6158798283263,511.5,2475.2283813747226,450.0
2023-05-03,985,985,20,831,123.67252791878173,8.0,1779.986788617886,311.0,1231.5424430641822,265.0
2023-05-04,201,201,11,144,169.76855721393036,87.0,188.74129353233832,55.0,245.6734693877551,96.5
2023-05-05,852,852,18,704,341.2509037558686,25.22,1006.6901408450705,133.5,1093.099132589839,158.0
2023-05-06,747,747,19,641,420.3058232931727,5.49,730.5783132530121,140.0,664.6671408250355,138.0
2023-05-07,583,583,23,505,1718551.8681958762,29.9,573.4158075601374,78.0,682.8657844990548,111.0
2023-05-08,774,774,18,670,446.74821705426353,39.9,945.5219638242894,167.5,869.2397820163487,163.0
2023-05-09,571,571,10,519,287.4287873462214,15.5,1142.3625218914185,208.0,1032.9014336917562,200.0
2023-05-10,904,904,12,781,122.37918978912319,23.9,808.0752212389381,168.0,912.1303841676367,154.0
2023-05-11,915,915,21,797,276.372306010929,34.0,696.4273224043716,106.0,726.8325581395349,122.5
2023-05-12,2483,2483,20,1823,911.1359347300564,29.0,782.0483870967741,124.0,756.6167381974249,124.0
2023-05-13,3727,3727,22,2559,268873.4497128288,8.085,883.4010738255033,117.0,913.5379710144928,137.0
