duplicate_review_group_id,seller_name,title,w_date,rows,distinct_ids,distinct_links
DUP-14fff01777e7,orlando.os,READY STOCK!!! ORLANDO MEN LONG SLEEVE BUSINESS SHIRT PLAIN | Shopee Malaysia,2023-05-05,2,2,2
DUP-1d5a25102eaa,davidjones.os,David jones Paris handbag women bag beg tangan wanita perempuan sling bag | Shopee Malaysia,2023-05-05,2,2,2
DUP-2abc7b5909e0,93marts,High Waist Women Spender Celana Panties Underwear Seluar Dalam Wanita  Plus Size Breathable  Ladies Cotton 内褲 | Shopee Malaysia,2023-05-11,2,2,2
DUP-2ca1578c3246,csmart9390,【Stock Clearance】S/XL Jersey-Jersey EPL 22/23 EM | Shopee Malaysia,2023-05-01,2,2,2
DUP-2ddcc3e30704,izpt3wrtdz,(Ready Stock) NIKE Roshe Run Running Shoes Sneakers Men's And Women's | Shopee Malaysia,2023-05-01,2,2,2
DUP-37f8054334d0,nordianaalimat90,link live lock shopee | Shopee Malaysia,2023-05-12,2,2,2
DUP-3af51b9ce3a1,dreamhome.my,Sunblock Whiten Cream Waterproof Long Lasting Face Body Skin SPF90 Sunscreen | Shopee Malaysia,2023-04-27,2,2,2
DUP-4515f29524c8,daliatextile,Kain SB Line Sakura Cotton Lavenzi Silk De Japan Kain Pasang Exclusive Bidang 45 | Shopee Malaysia,2023-05-01,2,2,2
DUP-48dd177e7b75,dmm8k,"number plate motorcycle sticker/nombor stiker plat/sticker plate motorcycle abjab,nombor 1pcs | Shopee Malaysia",2023-05-01,2,2,2
DUP-4d422222127e,shendongsb,XL ( 200*160cm) Crystal Velvet Carpet 5D / Floor mats / Rugs/ Carpets | Shopee Malaysia,2023-05-13,2,2,2
DUP-500ee26bfc63,justforu365,"🎁 《READY STOCK》Doorgift Towel/Doorgift Kahwin Cantik, Murah Dan Mudah | Shopee Malaysia",2023-05-01,2,2,2
DUP-53a3cb57a31b,carsomecertified.os,[CARSOME] 2015 Honda Jazz E 1.5 Auto - Book Now via Chat | Shopee Malaysia,2023-05-01,2,2,2
DUP-69cdc04e897b,davidjones.os,David jones Paris handbag women bag beg tangan wanita perempuan sling bag | Shopee Malaysia,2023-05-13,2,2,2
DUP-737dcbc45d7d,kktrading.com.pk,kain Heavy Chiffon Plain Premium Quality *All Ready Stock* | Shopee Malaysia,2023-05-13,2,2,2
DUP-7c3e1fd9fcf9,leeyanarahman.os,LEEYANARAHMAN (H2.RTW) BAJU MELAYU SLIM FIT NOAH | Shopee Malaysia,2023-05-04,2,2,2
DUP-8ba58f8feb9e,kainpasang_borong_hawafesyen,COMO CREPE HEAVY PREMIUM KAIN PASANG 60'/0.5 METER | Shopee Malaysia,2023-05-13,2,2,2
DUP-8f3bf628881d,93marts,High Waist Women Spender Celana Panties Underwear Seluar Dalam Wanita  Plus Size Breathable  Ladies Cotton 内褲 | Shopee Malaysia,2023-05-10,2,2,2
DUP-975a57ae5ce6,izaanofficial,"MENS, PANJABI, KURTA, | Shopee Malaysia",2023-05-11,2,2,2
DUP-9d0fac5ae22d,carsomecertified.os,[CARSOME] 2015 Honda Jazz E 1.5 Auto - Book Now via Chat | Shopee Malaysia,2023-05-12,2,2,2
DUP-b50b80f97507,shendongsb,XXL (220*180cm) Crystal Velvet Carpet 5 D / Floor mat / Rugs/ Carpets | Shopee Malaysia,2023-05-13,2,2,2
DUP-cc06048b6190,ichin_91,tanjak tengkolok murah | Shopee Malaysia,2023-05-01,2,2,2
DUP-cf8c42f71ad8,hijabistahub.os,HIJABISTAHUB HAERA KEBAYA | Shopee Malaysia,2023-05-13,2,2,2
DUP-d3d72135d9a6,butikcasual.my,Ready Stock Women Mini Skirt Muslimah Black White Cotton Skirt Extender Summer Korean Slit Fashion casual comfort bottoms | Shopee Malaysia,2023-05-13,2,2,2
DUP-db2aa8c35b91,alifa__,KNITWEAR/PRELOVED/LONG SLEEVE ❤️✨ | Shopee Malaysia,2023-05-13,2,2,2
DUP-dd2f46e42b6f,theperfectderma,The Perfect Derma Plus 💥由内到外全面修复配套💥 牛皮癬🐮湿疹💦富贵手📿的救星！ | Shopee Malaysia,2023-05-12,2,2,2
DUP-e0b9207b40a3,amroutlet,🔥AMR JEANS SIZE 28-44 SLIM FIT JEANS STRETCHABLE UNISEX KAIN GETAH / PLUS SIZE JEANS / SELUAR SKINNY JEANS LELAKI | Shopee Malaysia,2023-05-12,2,2,2
DUP-e3cedb80f5db,lcom_shop,🇲🇾READY STOCK KL Plus Size One Piece UV Protect Women Short Pants Short Sleeve Skirt Swimsuit Swimwear Baju Berenang | Shopee Malaysia,2023-05-13,2,2,2
DUP-ecbc9b63355f,linwinnie.my,Spring Autumn pajamas women Ice Silk Thin Style Simple High-End New Homewear baju tidur wanita murah sleepwear pyjamas | Shopee Malaysia,2023-05-11,2,2,2
DUP-f552f532ceff,izaanofficial,"MENS, PANJABI, KURTA, | Shopee Malaysia",2023-05-13,4,4,4
DUP-fa96c3080f36,orlando.os,READY STOCK!!! ORLANDO MEN LONG SLEEVE BUSINESS SHIRT PLAIN | Shopee Malaysia,2023-05-04,2,2,2
