broad_product_category,observed_stable_category_product_count,eligible_favorite_movement_product_count,positive_favorite_movement_breadth,median_daily_favorite_movement_per_product,evidence_sufficiency_tier,sensitivity_status,analysis_classification,further_investigation_candidate_flag,business_interpretation
Fashion,6259,881,52.553916,0.09090909091,HIGH,UNSTABLE,POSITIVE_SIGNAL_WITH_QUALIFICATION,False,"Among 881 eligible tracked products, 52.55% had positive product-level movement and the typical product changed by 0.091 displayed favorites per day; evidence is HIGH and sensitivity is unstable."
Groceries & Pets,965,112,64.28571429,0.2111111111,HIGH,DIRECTIONALLY_STABLE,POSITIVE_SIGNAL_WITH_QUALIFICATION,False,"Among 112 eligible tracked products, 64.29% had positive product-level movement and the typical product changed by 0.211 displayed favorites per day; evidence is HIGH and sensitivity is directionally stable."
Home,1872,194,57.21649485,0.1715686275,HIGH,UNSTABLE,POSITIVE_SIGNAL_WITH_QUALIFICATION,False,"Among 194 eligible tracked products, 57.22% had positive product-level movement and the typical product changed by 0.172 displayed favorites per day; evidence is HIGH and sensitivity is unstable."
Mobile & Technology,2346,304,52.30263158,0.08333333333,HIGH,UNSTABLE,POSITIVE_SIGNAL_WITH_QUALIFICATION,False,"Among 304 eligible tracked products, 52.30% had positive product-level movement and the typical product changed by 0.083 displayed favorites per day; evidence is HIGH and sensitivity is unstable."
Automotive,656,96,46.875,0,MODERATE,ROBUST,LIMITED_OBSERVED_MOVEMENT,False,"Among 96 eligible tracked products, 46.88% had positive product-level movement and the typical product changed by 0.000 displayed favorites per day; evidence is MODERATE and sensitivity is robust."
Baby & Kids,1277,148,52.02702703,0.1428571429,MODERATE,UNSTABLE,POSITIVE_SIGNAL_WITH_QUALIFICATION,False,"Among 148 eligible tracked products, 52.03% had positive product-level movement and the typical product changed by 0.143 displayed favorites per day; evidence is MODERATE and sensitivity is unstable."
Health & Beauty,1926,337,62.90801187,0.1666666667,MODERATE,ROBUST,POSITIVE_SIGNAL_WITH_QUALIFICATION,False,"Among 337 eligible tracked products, 62.91% had positive product-level movement and the typical product changed by 0.167 displayed favorites per day; evidence is MODERATE and sensitivity is robust."
Sports & Outdoor,694,67,46.26865672,0,MODERATE,ROBUST,LIMITED_OBSERVED_MOVEMENT,False,"Among 67 eligible tracked products, 46.27% had positive product-level movement and the typical product changed by 0.000 displayed favorites per day; evidence is MODERATE and sensitivity is robust."
Entertainment & Hobbies,322,19,,,INSUFFICIENT,NOT_ASSESSABLE_INSUFFICIENT_EVIDENCE,INSUFFICIENT_EVIDENCE,False,Movement KPIs are suppressed: 19 eligible products across 13 sampled dates do not meet the MODERATE evidence gates.
Others,45,0,,,INSUFFICIENT,NOT_ASSESSABLE_INSUFFICIENT_EVIDENCE,INSUFFICIENT_EVIDENCE,False,Movement KPIs are suppressed: 0 eligible products across 2 sampled dates do not meet the MODERATE evidence gates.
Tickets & Vouchers,101,3,,,INSUFFICIENT,NOT_ASSESSABLE_INSUFFICIENT_EVIDENCE,INSUFFICIENT_EVIDENCE,False,Movement KPIs are suppressed: 3 eligible products across 12 sampled dates do not meet the MODERATE evidence gates.
Travel,143,8,,,INSUFFICIENT,NOT_ASSESSABLE_INSUFFICIENT_EVIDENCE,INSUFFICIENT_EVIDENCE,False,Movement KPIs are suppressed: 8 eligible products across 10 sampled dates do not meet the MODERATE evidence gates.
