dependency_id,raw_field,validated_field,analytical_table,base_calculation,kpi_name,business_interpretation,governance_note
P6-D01,id,product_id,shopee_product_snapshots.csv,Distinct stable-category products,Observed Stable-Category Product Count,Observed sample scale,Not platform assortment
P6-D02,item_category_detail,category_level_2 + product_category_level2_change_flag,shopee_product_snapshots.csv,Exclude products with any Level-2 change,Observed Stable-Category Product Count,Stable broad-category cohort,Level 2 only; no silent reassignment
P6-D03,w_date,observation_date,shopee_category_daily_coverage.csv,Count observed dates in active window,Evidence Sufficiency Tier,Calendar presence,Presence does not correct uneven volume
P6-D04,favorite,favorite_parsed + favorite_parse_status + compact flag,shopee_matched_observations.csv,Require exact valid displays at both endpoints,Eligible Favorite-Movement Product Count,Exact-display movement evidence,Compact values excluded from primary
P6-D05,id + w_date,previous/current observation dates + observation interval days,shopee_matched_observations.csv,Consecutive matched interval with elapsed_days > 0 and both dates in context,Eligible Favorite-Movement Product Count,Repeated tracking evidence,Irregular gaps retained
P6-D06,favorite + w_date,favorite_count_change_approx + elapsed_days,shopee_matched_observations.csv,favorite change / elapsed days,Median Daily Favorite Movement per Product,Interval-normalized displayed engagement movement,Change timing within interval is unknown
P6-D07,id + favorite,product_id + eligible interval daily changes,Phase 7 product-category favorite-movement fact,Median eligible daily change within product,Positive Favorite-Movement Breadth,One outcome per product,Prevents interval-heavy products dominating
P6-D08,id + favorite,product_id + eligible interval daily changes,Phase 7 product-category favorite-movement fact,Median eligible daily change within product,Median Daily Favorite Movement per Product,Typical product movement,Two-stage median
P6-D09,favorite,positive product outcome,Phase 7 product-category favorite-movement fact,Positive products / eligible products + Wilson 95% interval,Positive Favorite-Movement Breadth,"Breadth, not magnitude",Zero and negative products remain in denominator
P6-D10,favorite,positive product outcome,Phase 7 product-category favorite-movement fact,Wilson width plus dates and eligible n,Evidence Sufficiency Tier,Comparison precision within sample,Not external representativeness
P6-D11,favorite,favorite_statistical_outlier_flag,shopee_product_snapshots.csv joined by source row,Exclude flagged endpoints in sensitivity only,All movement KPIs,Outlier robustness diagnostic,Flags do not prove invalidity
P6-D12,favorite,compact favorite flag,shopee_matched_observations.csv,All-valid exact+compact product-level sensitivity,All movement KPIs,Directional sensitivity,Never replaces exact-only primary
P6-D13,total_sold,total_sold_metric_status,Excluded from Phase 4 movement interfaces,BLOCKED,No KPI,None,UNVERIFIED_UNUSABLE_AS_SALES_METRIC
P6-D14,total_rating,total_rating_metric_status,Excluded from Phase 4 movement interfaces,BLOCKED,No KPI,None,UNVERIFIED_DUPLICATES_TOTAL_SOLD
