category_level_2,valid_actual_price_snapshot_count,actual_price_mean,actual_price_trimmed_mean_10_percent,actual_price_median,actual_price_percentile_95,actual_price_percentile_99,actual_price_maximum,actual_price_mean_to_median_ratio,actual_price_outlier_snapshot_count,actual_price_outlier_snapshot_rate_percent,non_outlier_actual_price_snapshot_count,non_outlier_actual_price_mean,non_outlier_actual_price_median,valid_discount_snapshot_count,displayed_discount_snapshot_count,displayed_discount_prevalence_percent,discount_percent_median,discount_percent_mean,discount_percent_percentile_95
Automotive,821,4391.112631,17.46552511,1.98,31600,103700,205500,2217.733652,76,9.245742092,745,16.6378255,1.2,819,375,45.78754579,0,26.93744092,93.61428571
Baby & Toys,1486,202.6638358,30.56218487,3.395,329.055,999,99999,59.694797,166,11.09625668,1320,25.15560606,2,1474,962,65.26458616,26.96920287,32.1762213,89.55228159
Cameras & Drones,452,1054.328031,339.1528453,15.995,5045,13361,42259,65.91610072,156,34.51327434,296,16.54327703,2.13,451,222,49.22394678,0,19.94145217,70.37878788
Computer & Accessories,391,373.874578,75.0658147,10,2057,6228.7,12349,37.3874578,95,24.29667519,296,26.09462838,3,387,131,33.8501292,0,13.28976482,64.625
Fashion Accessories,410,23.65592683,13.62685976,3.095,78,144.46,1000,7.643271997,2,0.487804878,408,18.87237745,3.015,408,275,67.40196078,33.67156057,34.69421499,88.88888889
"Games, Books & Hobbies",345,26.60162319,12.52505415,1.5,100,254.8,999,17.73441546,10,2.898550725,335,17.80922388,1.5,343,125,36.44314869,0,15.51768404,74.62967505
Gaming & Consoles,148,49.41378378,18.54158333,1,262.35,638.95,949,49.41378378,12,8.108108108,136,18.71522059,0.935,148,41,27.7027027,0,13.55434271,83.45253968
Groceries & Pets,1128,83.17654255,19.87732301,7.55,223,1013.8673,9999,11.0167606,68,6.017699115,1060,21.90930189,4.495,1126,429,38.09946714,0,11.09886713,58.99960722
Health & Beauty,2463,54.92296793,22.25275495,2.8,149,999,10000,19.61534569,99,4.017857143,2364,26.39331641,1.975,2443,1383,56.61072452,10.12658228,26.4983762,87.5
Home & Living,1315,31.07918631,13.24290598,2.7,120,347.06,999,11.51080975,42,3.191489362,1273,18.03235664,1.87,1280,758,59.21875,20,30.09040207,89.55144737
Home Appliances,945,431.7223069,157.023897,20,2149,4299,50000,21.58611534,306,32.27848101,639,22.03704225,3.6,933,524,56.16291533,15.33898305,24.41131977,73.49718457
Men Clothes,2456,66.76701547,39.97985758,19.935,253.315,716.2835,1849,3.34923579,173,7.038242474,2283,39.50814717,17.2,2430,1187,48.84773663,0,21.08684035,75.18796992
Men Shoes,209,40.20143541,14.37053254,5.7,253.532,497.48,730.34,7.052883405,11,5.263157895,198,16.95555556,5.5,208,119,57.21153846,19.27199191,28.17010856,82.38339587
Men's Bags & Wallets,489,179.5471984,116.5150636,40,718.324,1428.0076,2174,4.488679959,160,32.5203252,329,39.15158055,13,488,276,56.55737705,10.75649691,25.24847711,79.2162959
Mobile & Accessories,1886,272.1111718,52.6604702,9.995,2136.5,4299,9999,27.22472954,323,17.11711712,1563,28.52424184,2.99,1841,1099,59.69581749,20.06688963,31.73604937,92.30769231
Muslim Fashion,419,61.56062053,48.19492582,25.2,230,268.82,278,2.442881767,57,13.60381862,362,36.91411602,16.055,419,183,43.67541766,0,19.9690915,80
Others,45,28.31933333,21.97486486,22,78.04,157.64,188,1.287242424,1,2.222222222,44,24.69022727,21.95,45,9,20,0,8.040251584,49.78687038
Sports & Outdoor,788,129.1902411,69.94496835,15.945,679,979,1590,8.102241525,146,18.52791878,642,33.71336449,5.9,784,447,57.01530612,11.70549904,26.40576195,84.64939248
Tickets & Vouchers,105,355.269619,107.6956471,10.56,1047.464,9179,9999,33.64295635,33,31.13207547,72,26.07319444,1.11,105,17,16.19047619,0,7.328559657,50
Travel & Luggage,154,1496.84026,205.2785484,7.075,2471.199,12489.1358,137171.4,211.5675279,36,23.37662338,118,9.40059322,2.3,154,87,56.49350649,21.96202531,28.38712832,78.05031447
Watches,533,735.2071295,349.1107728,88.31,3969.23,6622.648,13810.42,8.325298714,194,36.39774859,339,38.54268437,6.3,531,358,67.41996234,49.99991496,41.07003635,91.91799389
Women Clothes,2229,35.33657694,25.87801681,14.24,130,200,429,2.48150119,48,2.150537634,2181,31.22803301,12,2209,1067,48.30239928,0,21.90909915,72.72741702
Women Shoes,444,54.11972973,25.32132022,7.9,359,438.14,499,6.8505987,45,10.13513514,399,22.22057644,6.9,443,309,69.751693,40.1,39.10466165,90.43408163
Women's Bags,621,163.5119485,51.22269618,17.9,581.4,999,9999.99,9.134745725,94,15.0882825,527,36.40789374,7.99,617,387,62.72285251,33.33333333,33.00618663,80.19096916
