figure_file,question,chart_form,x_encoding,y_encoding,colour_or_context,displayed_universe_or_denominator,semantic_risk_control,review_status
phase_5_daily_observation_volume.png,How uneven is daily sampling?,Line with points and median reference,Date,Sampled snapshots,None,Daily sample rows,Do not read volume change as business growth,PASS_EXPLORATORY_VISUAL_REVIEW
phase_5_category_observation_distribution.png,How uneven is category representation?,Sorted horizontal bars,Sampled snapshots,Level-2 category,None,All snapshot rows,Coverage order is not performance rank,PASS_EXPLORATORY_VISUAL_REVIEW
phase_5_category_coverage_heatmap.png,Which category-dates are observed?,Binary heatmap,Date,Level-2 category,Observed/absent,24 x 20 category-date grid,Presence does not imply adequate sample size,PASS_EXPLORATORY_VISUAL_REVIEW
phase_5_product_observation_distribution.png,How deep is product history?,Log-scale bars,Observations per product,Products,None,"16,614 products",Log scale is disclosed; labels carry exact counts,PASS_EXPLORATORY_VISUAL_REVIEW
phase_5_observation_interval_distribution.png,How irregular are observation gaps?,Bar distribution,Elapsed days,Matched intervals,None,"3,698 intervals",Intervals do not represent regular panel measurement,PASS_EXPLORATORY_VISUAL_REVIEW
phase_5_actual_price_distribution.png,How skewed are valid displayed prices?,Log-scale histogram,Valid actual price,Snapshots,Median/P95 references,"20,282 valid price snapshots",Displayed price is not revenue; currency unverified,PASS_EXPLORATORY_VISUAL_REVIEW
phase_5_discount_distribution.png,What is the valid discount distribution?,Histogram,Displayed discount percent,Snapshots,Median reference,"20,086 valid price pairs",No campaign or causal interpretation,PASS_EXPLORATORY_VISUAL_REVIEW
phase_5_favorite_distribution.png,How do exact and compact favorite displays differ?,Overlaid log histograms,Favorite count + 1,Snapshots,Exact/compact status,"19,241 valid favorite snapshots",Compact values are approximate,PASS_EXPLORATORY_VISUAL_REVIEW
phase_5_favorite_positive_breadth_by_category.png,How precise is category positive favorite breadth?,Dot and Wilson interval,Positive breadth percent,Category with n,None,Valid favorite intervals,"Exploratory engagement proxy, not rank or sales",PASS_EXPLORATORY_VISUAL_REVIEW
phase_5_category_evidence_coverage.png,How does category evidence coverage differ?,Aligned horizontal bars,Repeated products / dates,Category,Metric role,Sampled listings,Evidence availability is not performance,PASS_EXPLORATORY_VISUAL_REVIEW
phase_5_favorite_movement_by_category.png,What is typical normalized favorite movement?,Median and IQR dot plot,Favorite change per day,Category with n,None,Valid favorite intervals,Rounded values and zero inflation limit interpretation,PASS_EXPLORATORY_VISUAL_REVIEW
phase_5_price_mean_vs_median_by_category.png,How much do price tails influence means?,Mean-median dumbbell on log scale,Valid actual price,Category,Statistic,Valid price snapshots,"Price is a listing attribute, not value or revenue",PASS_EXPLORATORY_VISUAL_REVIEW
