observation_date,sampled_snapshot_count,sampled_unique_product_count,sampled_category_level2_count,sampled_broad_product_category_count,sampled_seller_count,repeated_product_snapshot_count,repeated_product_snapshot_rate_percent,valid_actual_price_snapshot_count,valid_actual_price_snapshot_rate_percent,valid_favorite_snapshot_count,valid_favorite_snapshot_rate_percent,valid_average_rating_snapshot_count,valid_average_rating_snapshot_rate_percent,matched_interval_count_ending_on_date,study_date_count
2023-04-24,276,276,20,10,262,101,36.5942029,276,100,271,98.1884058,273,98.91304348,0,20
2023-04-25,570,570,22,11,488,216,37.89473684,570,100,567,99.47368421,566,99.29824561,14,20
2023-04-26,581,581,21,11,506,211,36.31669535,579,99.65576592,553,95.18072289,556,95.69707401,20,20
2023-04-27,486,486,21,11,423,164,33.74485597,486,100,467,96.09053498,471,96.91358025,42,20
2023-04-28,629,629,21,9,543,220,34.97615262,628,99.84101749,618,98.25119237,622,98.88712242,47,20
2023-04-29,405,405,20,11,367,143,35.30864198,402,99.25925926,391,96.54320988,391,96.54320988,35,20
2023-04-30,511,511,21,9,458,198,38.74755382,510,99.80430528,491,96.08610568,497,97.26027397,63,20
2023-05-01,3646,3646,24,12,2558,871,23.88919364,3642,99.89029073,3440,94.34997257,3458,94.84366429,322,20
2023-05-02,466,466,19,9,422,207,44.42060086,466,100,451,96.78111588,454,97.4248927,131,20
2023-05-03,985,985,20,9,831,235,23.85786802,984,99.89847716,966,98.07106599,977,99.18781726,130,20
2023-05-04,201,201,11,8,144,103,51.24378109,201,100,196,97.51243781,198,98.50746269,41,20
2023-05-05,852,852,18,8,704,386,45.30516432,852,100,807,94.71830986,814,95.5399061,143,20
2023-05-06,747,747,19,9,641,306,40.96385542,747,100,703,94.10977242,715,95.71619813,130,20
2023-05-07,583,583,23,11,506,192,32.93310463,580,99.48542024,529,90.73756432,532,91.25214408,114,20
2023-05-08,774,774,18,10,670,319,41.21447028,774,100,734,94.83204134,740,95.60723514,190,20
2023-05-09,571,571,10,6,519,267,46.76007005,569,99.6497373,558,97.72329247,564,98.77408056,127,20
2023-05-10,904,904,12,7,782,398,44.02654867,901,99.66814159,859,95.02212389,863,95.46460177,233,20
2023-05-11,915,915,21,10,797,386,42.18579235,915,100,860,93.98907104,860,93.98907104,258,20
2023-05-12,2483,2483,20,10,1824,775,31.21224325,2477,99.75835683,2330,93.83809907,2346,94.48248087,588,20
2023-05-13,3727,3727,22,10,2560,1070,28.70941776,3723,99.89267507,3450,92.56774886,3487,93.56050443,1070,20
