category_level_2,observation_date,sampled_snapshot_count,sampled_unique_product_count,sampled_seller_count,repeated_product_snapshot_count,valid_actual_price_snapshot_count,valid_discount_snapshot_count,displayed_discount_snapshot_count,valid_favorite_snapshot_count,valid_average_rating_snapshot_count,matched_interval_count_ending_on_date,category_observed_on_date_flag,repeated_product_snapshot_rate_percent,valid_actual_price_snapshot_rate_percent,valid_favorite_snapshot_rate_percent,valid_average_rating_snapshot_rate_percent
Automotive,2023-04-24,4,4,4,2,4,4,1,4,3,0,TRUE,50,100,100,75
Automotive,2023-04-25,13,13,12,9,13,13,7,13,13,0,TRUE,69.23076923,100,100,100
Automotive,2023-04-26,5,5,4,2,5,5,1,5,5,1,TRUE,40,100,100,100
Automotive,2023-04-27,16,16,15,4,16,16,9,15,16,0,TRUE,25,100,93.75,100
Automotive,2023-04-28,6,6,4,1,6,6,4,5,6,0,TRUE,16.66666667,100,83.33333333,100
Automotive,2023-04-29,22,22,21,6,22,22,5,22,22,0,TRUE,27.27272727,100,100,100
Automotive,2023-04-30,21,21,20,13,21,21,9,20,18,4,TRUE,61.9047619,100,95.23809524,85.71428571
Automotive,2023-05-01,241,241,169,81,241,240,110,233,229,23,TRUE,33.60995851,100,96.68049793,95.02074689
Automotive,2023-05-02,7,7,7,2,7,7,5,7,7,1,TRUE,28.57142857,100,100,100
Automotive,2023-05-03,134,134,113,49,133,133,66,132,133,39,TRUE,36.56716418,99.25373134,98.50746269,99.25373134
Automotive,2023-05-04,2,2,2,1,2,2,2,2,2,1,TRUE,50,100,100,100
Automotive,2023-05-05,12,12,10,4,12,12,6,12,12,0,TRUE,33.33333333,100,100,100
Automotive,2023-05-06,25,25,23,11,25,25,11,24,22,5,TRUE,44,100,96,88
Automotive,2023-05-07,9,9,9,5,9,9,6,9,9,4,TRUE,55.55555556,100,100,100
Automotive,2023-05-08,25,25,22,14,25,25,13,23,19,7,TRUE,56,100,92,76
Automotive,2023-05-09,0,0,0,0,0,0,0,0,0,0,FALSE,,,,
Automotive,2023-05-10,0,0,0,0,0,0,0,0,0,0,FALSE,,,,
Automotive,2023-05-11,38,38,37,16,38,37,17,37,36,12,TRUE,42.10526316,100,97.36842105,94.73684211
Automotive,2023-05-12,133,133,99,48,133,133,57,122,115,37,TRUE,36.09022556,100,91.72932331,86.46616541
Automotive,2023-05-13,109,109,85,32,109,109,46,101,89,32,TRUE,29.35779817,100,92.66055046,81.65137615
Baby & Toys,2023-04-24,18,18,17,7,18,18,12,18,18,0,TRUE,38.88888889,100,100,100
Baby & Toys,2023-04-25,21,21,21,5,21,21,17,21,21,0,TRUE,23.80952381,100,100,100
Baby & Toys,2023-04-26,19,19,19,6,18,18,12,18,18,0,TRUE,31.57894737,94.73684211,94.73684211,94.73684211
Baby & Toys,2023-04-27,19,19,17,2,19,18,11,19,19,1,TRUE,10.52631579,100,100,100
Baby & Toys,2023-04-28,48,48,44,15,48,48,34,48,47,1,TRUE,31.25,100,100,97.91666667
Baby & Toys,2023-04-29,31,31,31,15,31,31,23,31,31,3,TRUE,48.38709677,100,100,100
Baby & Toys,2023-04-30,18,18,18,4,18,17,12,18,18,0,TRUE,22.22222222,100,100,100
Baby & Toys,2023-05-01,224,224,154,41,221,215,161,224,224,19,TRUE,18.30357143,98.66071429,100,100
Baby & Toys,2023-05-02,27,27,27,10,27,27,24,27,27,7,TRUE,37.03703704,100,100,100
Baby & Toys,2023-05-03,14,14,13,4,14,14,13,14,14,3,TRUE,28.57142857,100,100,100
Baby & Toys,2023-05-04,0,0,0,0,0,0,0,0,0,0,FALSE,,,,
Baby & Toys,2023-05-05,66,66,61,18,66,66,46,65,66,5,TRUE,27.27272727,100,98.48484848,100
Baby & Toys,2023-05-06,43,43,40,12,43,43,28,43,43,2,TRUE,27.90697674,100,100,100
Baby & Toys,2023-05-07,46,46,41,14,45,45,23,44,45,5,TRUE,30.43478261,97.82608696,95.65217391,97.82608696
Baby & Toys,2023-05-08,45,45,36,19,45,45,33,45,45,6,TRUE,42.22222222,100,100,100
Baby & Toys,2023-05-09,127,127,119,49,125,124,80,126,127,16,TRUE,38.58267717,98.42519685,99.21259843,100
Baby & Toys,2023-05-10,180,180,153,51,178,178,110,177,179,29,TRUE,28.33333333,98.88888889,98.33333333,99.44444444
Baby & Toys,2023-05-11,53,53,52,16,53,53,37,52,53,12,TRUE,30.18867925,100,98.11320755,100
Baby & Toys,2023-05-12,157,157,133,50,156,153,96,154,157,35,TRUE,31.84713376,99.36305732,98.08917197,100
Baby & Toys,2023-05-13,340,340,262,74,340,340,190,329,339,74,TRUE,21.76470588,100,96.76470588,99.70588235
Cameras & Drones,2023-04-24,0,0,0,0,0,0,0,0,0,0,FALSE,,,,
Cameras & Drones,2023-04-25,1,1,1,0,1,1,0,1,1,0,TRUE,0,100,100,100
Cameras & Drones,2023-04-26,22,22,19,3,22,22,16,12,12,0,TRUE,13.63636364,100,54.54545455,54.54545455
Cameras & Drones,2023-04-27,1,1,1,0,1,1,1,1,1,0,TRUE,0,100,100,100
Cameras & Drones,2023-04-28,2,2,2,0,2,2,1,2,1,0,TRUE,0,100,100,50
Cameras & Drones,2023-04-29,16,16,15,0,16,15,11,13,15,0,TRUE,0,100,81.25,93.75
Cameras & Drones,2023-04-30,10,10,10,4,10,10,8,4,5,0,TRUE,40,100,40,50
Cameras & Drones,2023-05-01,165,165,134,6,165,165,92,145,150,2,TRUE,3.636363636,100,87.87878788,90.90909091
Cameras & Drones,2023-05-02,1,1,1,0,1,1,0,1,1,0,TRUE,0,100,100,100
Cameras & Drones,2023-05-03,0,0,0,0,0,0,0,0,0,0,FALSE,,,,
Cameras & Drones,2023-05-04,0,0,0,0,0,0,0,0,0,0,FALSE,,,,
Cameras & Drones,2023-05-05,3,3,3,1,3,3,1,0,0,1,TRUE,33.33333333,100,0,0
Cameras & Drones,2023-05-06,0,0,0,0,0,0,0,0,0,0,FALSE,,,,
Cameras & Drones,2023-05-07,29,29,20,1,29,29,9,18,16,0,TRUE,3.448275862,100,62.06896552,55.17241379
Cameras & Drones,2023-05-08,0,0,0,0,0,0,0,0,0,0,FALSE,,,,
Cameras & Drones,2023-05-09,0,0,0,0,0,0,0,0,0,0,FALSE,,,,
Cameras & Drones,2023-05-10,0,0,0,0,0,0,0,0,0,0,FALSE,,,,
Cameras & Drones,2023-05-11,15,15,14,1,15,15,8,9,9,0,TRUE,6.666666667,100,60,60
Cameras & Drones,2023-05-12,17,17,16,3,17,17,4,16,16,3,TRUE,17.64705882,100,94.11764706,94.11764706
Cameras & Drones,2023-05-13,170,170,98,7,170,170,71,116,119,7,TRUE,4.117647059,100,68.23529412,70
Computer & Accessories,2023-04-24,9,9,9,2,9,9,4,9,9,0,TRUE,22.22222222,100,100,100
Computer & Accessories,2023-04-25,4,4,4,1,4,4,4,4,4,1,TRUE,25,100,100,100
Computer & Accessories,2023-04-26,8,8,8,2,8,8,7,8,8,0,TRUE,25,100,100,100
Computer & Accessories,2023-04-27,7,7,6,4,7,7,3,6,7,0,TRUE,57.14285714,100,85.71428571,100
Computer & Accessories,2023-04-28,5,5,5,1,5,5,3,5,5,0,TRUE,20,100,100,100
Computer & Accessories,2023-04-29,6,6,6,3,6,6,1,6,6,1,TRUE,50,100,100,100
Computer & Accessories,2023-04-30,5,5,5,1,5,5,3,4,4,0,TRUE,20,100,80,80
Computer & Accessories,2023-05-01,70,70,47,5,70,70,21,69,70,3,TRUE,7.142857143,100,98.57142857,100
Computer & Accessories,2023-05-02,7,7,7,2,7,7,2,7,7,2,TRUE,28.57142857,100,100,100
Computer & Accessories,2023-05-03,163,163,132,10,163,160,45,156,160,6,TRUE,6.134969325,100,95.70552147,98.1595092
Computer & Accessories,2023-05-04,0,0,0,0,0,0,0,0,0,0,FALSE,,,,
Computer & Accessories,2023-05-05,19,19,17,0,19,19,12,17,17,0,TRUE,0,100,89.47368421,89.47368421
Computer & Accessories,2023-05-06,23,23,22,0,23,23,12,20,21,0,TRUE,0,100,86.95652174,91.30434783
Computer & Accessories,2023-05-07,9,9,9,1,9,9,5,8,8,1,TRUE,11.11111111,100,88.88888889,88.88888889
Computer & Accessories,2023-05-08,14,14,12,3,14,14,6,14,14,2,TRUE,21.42857143,100,100,100
Computer & Accessories,2023-05-09,0,0,0,0,0,0,0,0,0,0,FALSE,,,,
Computer & Accessories,2023-05-10,0,0,0,0,0,0,0,0,0,0,FALSE,,,,
Computer & Accessories,2023-05-11,4,4,4,0,4,4,0,4,4,0,TRUE,0,100,100,100
Computer & Accessories,2023-05-12,6,6,5,2,6,5,3,6,6,2,TRUE,33.33333333,100,100,100
Computer & Accessories,2023-05-13,32,32,17,1,32,32,0,30,32,1,TRUE,3.125,100,93.75,100
Fashion Accessories,2023-04-24,8,8,8,5,8,8,6,8,8,0,TRUE,62.5,100,100,100
Fashion Accessories,2023-04-25,9,9,8,3,9,9,7,9,9,2,TRUE,33.33333333,100,100,100
Fashion Accessories,2023-04-26,0,0,0,0,0,0,0,0,0,0,FALSE,,,,
Fashion Accessories,2023-04-27,17,17,16,7,17,17,12,17,17,3,TRUE,41.17647059,100,100,100
Fashion Accessories,2023-04-28,9,9,8,4,9,9,7,9,9,0,TRUE,44.44444444,100,100,100
Fashion Accessories,2023-04-29,2,2,2,0,2,2,2,2,2,0,TRUE,0,100,100,100
Fashion Accessories,2023-04-30,5,5,5,1,5,5,4,5,5,0,TRUE,20,100,100,100
Fashion Accessories,2023-05-01,97,97,87,19,97,97,78,97,97,5,TRUE,19.58762887,100,100,100
Fashion Accessories,2023-05-02,3,3,3,0,3,3,2,3,3,0,TRUE,0,100,100,100
Fashion Accessories,2023-05-03,38,38,35,9,38,38,19,38,38,6,TRUE,23.68421053,100,100,100
Fashion Accessories,2023-05-04,0,0,0,0,0,0,0,0,0,0,FALSE,,,,
Fashion Accessories,2023-05-05,7,7,7,2,7,7,5,7,7,1,TRUE,28.57142857,100,100,100
Fashion Accessories,2023-05-06,13,13,13,4,13,13,10,13,13,4,TRUE,30.76923077,100,100,100
Fashion Accessories,2023-05-07,2,2,2,1,2,2,1,2,2,1,TRUE,50,100,100,100
Fashion Accessories,2023-05-08,30,30,29,5,30,30,13,30,30,1,TRUE,16.66666667,100,100,100
Fashion Accessories,2023-05-09,0,0,0,0,0,0,0,0,0,0,FALSE,,,,
Fashion Accessories,2023-05-10,0,0,0,0,0,0,0,0,0,0,FALSE,,,,
Fashion Accessories,2023-05-11,7,7,6,2,7,7,3,7,7,2,TRUE,28.57142857,100,100,100
Fashion Accessories,2023-05-12,95,95,79,8,95,93,58,94,95,8,TRUE,8.421052632,100,98.94736842,100
Fashion Accessories,2023-05-13,68,68,59,10,68,68,48,68,68,10,TRUE,14.70588235,100,100,100
"Games, Books & Hobbies",2023-04-24,7,7,7,1,7,7,3,7,7,0,TRUE,14.28571429,100,100,100
"Games, Books & Hobbies",2023-04-25,4,4,4,1,4,3,1,4,4,0,TRUE,25,100,100,100
"Games, Books & Hobbies",2023-04-26,5,5,5,1,5,5,2,5,5,0,TRUE,20,100,100,100
"Games, Books & Hobbies",2023-04-27,2,2,2,0,2,2,0,2,2,0,TRUE,0,100,100,100
"Games, Books & Hobbies",2023-04-28,0,0,0,0,0,0,0,0,0,0,FALSE,,,,
"Games, Books & Hobbies",2023-04-29,3,3,3,0,3,3,1,2,3,0,TRUE,0,100,66.66666667,100
"Games, Books & Hobbies",2023-04-30,0,0,0,0,0,0,0,0,0,0,FALSE,,,,
"Games, Books & Hobbies",2023-05-01,159,159,114,20,159,158,69,155,156,2,TRUE,12.57861635,100,97.48427673,98.11320755
"Games, Books & Hobbies",2023-05-02,0,0,0,0,0,0,0,0,0,0,FALSE,,,,
"Games, Books & Hobbies",2023-05-03,19,19,17,4,19,19,5,18,19,4,TRUE,21.05263158,100,94.73684211,100
"Games, Books & Hobbies",2023-05-04,1,1,1,0,1,1,0,1,1,0,TRUE,0,100,100,100
"Games, Books & Hobbies",2023-05-05,0,0,0,0,0,0,0,0,0,0,FALSE,,,,
"Games, Books & Hobbies",2023-05-06,3,3,2,0,3,3,1,3,3,0,TRUE,0,100,100,100
"Games, Books & Hobbies",2023-05-07,22,22,15,1,22,22,9,20,22,1,TRUE,4.545454545,100,90.90909091,100
"Games, Books & Hobbies",2023-05-08,34,34,27,6,34,34,16,32,34,5,TRUE,17.64705882,100,94.11764706,100
"Games, Books & Hobbies",2023-05-09,0,0,0,0,0,0,0,0,0,0,FALSE,,,,
"Games, Books & Hobbies",2023-05-10,0,0,0,0,0,0,0,0,0,0,FALSE,,,,
"Games, Books & Hobbies",2023-05-11,5,5,5,0,5,5,1,5,5,0,TRUE,0,100,100,100
"Games, Books & Hobbies",2023-05-12,0,0,0,0,0,0,0,0,0,0,FALSE,,,,
"Games, Books & Hobbies",2023-05-13,81,81,32,11,81,81,17,78,80,11,TRUE,13.58024691,100,96.2962963,98.7654321
Gaming & Consoles,2023-04-24,0,0,0,0,0,0,0,0,0,0,FALSE,,,,
Gaming & Consoles,2023-04-25,0,0,0,0,0,0,0,0,0,0,FALSE,,,,
Gaming & Consoles,2023-04-26,12,12,10,4,12,12,0,12,12,0,TRUE,33.33333333,100,100,100
Gaming & Consoles,2023-04-27,7,7,3,0,7,7,5,7,7,0,TRUE,0,100,100,100
Gaming & Consoles,2023-04-28,6,6,6,0,6,6,2,5,5,0,TRUE,0,100,83.33333333,83.33333333
Gaming & Consoles,2023-04-29,0,0,0,0,0,0,0,0,0,0,FALSE,,,,
Gaming & Consoles,2023-04-30,3,3,3,0,3,3,0,3,3,0,TRUE,0,100,100,100
Gaming & Consoles,2023-05-01,62,62,56,3,62,62,25,60,62,2,TRUE,4.838709677,100,96.77419355,100
Gaming & Consoles,2023-05-02,0,0,0,0,0,0,0,0,0,0,FALSE,,,,
Gaming & Consoles,2023-05-03,2,2,2,0,2,2,0,1,2,0,TRUE,0,100,50,100
Gaming & Consoles,2023-05-04,0,0,0,0,0,0,0,0,0,0,FALSE,,,,
Gaming & Consoles,2023-05-05,0,0,0,0,0,0,0,0,0,0,FALSE,,,,
Gaming & Consoles,2023-05-06,3,3,3,0,3,3,0,3,3,0,TRUE,0,100,100,100
Gaming & Consoles,2023-05-07,15,15,15,2,15,15,2,14,15,0,TRUE,13.33333333,100,93.33333333,100
Gaming & Consoles,2023-05-08,0,0,0,0,0,0,0,0,0,0,FALSE,,,,
Gaming & Consoles,2023-05-09,0,0,0,0,0,0,0,0,0,0,FALSE,,,,
Gaming & Consoles,2023-05-10,0,0,0,0,0,0,0,0,0,0,FALSE,,,,
Gaming & Consoles,2023-05-11,0,0,0,0,0,0,0,0,0,0,FALSE,,,,
Gaming & Consoles,2023-05-12,0,0,0,0,0,0,0,0,0,0,FALSE,,,,
Gaming & Consoles,2023-05-13,38,38,35,5,38,38,7,31,35,5,TRUE,13.15789474,100,81.57894737,92.10526316
Groceries & Pets,2023-04-24,9,9,9,1,9,9,3,8,9,0,TRUE,11.11111111,100,88.88888889,100
Groceries & Pets,2023-04-25,11,11,10,5,11,11,5,11,11,0,TRUE,45.45454545,100,100,100
Groceries & Pets,2023-04-26,43,43,42,10,43,43,19,40,42,0,TRUE,23.25581395,100,93.02325581,97.6744186
Groceries & Pets,2023-04-27,27,27,26,8,27,27,11,27,26,1,TRUE,29.62962963,100,100,96.2962963
Groceries & Pets,2023-04-28,34,34,32,4,34,34,22,34,34,1,TRUE,11.76470588,100,100,100
Groceries & Pets,2023-04-29,26,26,26,7,25,25,18,26,26,1,TRUE,26.92307692,96.15384615,100,100
Groceries & Pets,2023-04-30,25,25,24,7,25,24,14,25,25,2,TRUE,28,100,100,100
Groceries & Pets,2023-05-01,263,263,196,71,263,263,86,260,263,12,TRUE,26.99619772,100,98.85931559,100
Groceries & Pets,2023-05-02,19,19,19,8,19,19,8,19,19,5,TRUE,42.10526316,100,100,100
Groceries & Pets,2023-05-03,131,131,113,33,131,131,55,130,131,20,TRUE,25.19083969,100,99.23664122,100
Groceries & Pets,2023-05-04,1,1,1,0,1,1,0,0,0,0,TRUE,0,100,0,0
Groceries & Pets,2023-05-05,34,34,32,10,34,33,15,33,34,3,TRUE,29.41176471,100,97.05882353,100
Groceries & Pets,2023-05-06,48,48,47,18,48,48,18,47,46,12,TRUE,37.5,100,97.91666667,95.83333333
Groceries & Pets,2023-05-07,35,35,30,7,35,35,18,35,35,7,TRUE,20,100,100,100
Groceries & Pets,2023-05-08,71,71,65,25,71,71,30,70,70,15,TRUE,35.21126761,100,98.5915493,98.5915493
Groceries & Pets,2023-05-09,6,6,6,1,6,6,5,6,6,0,TRUE,16.66666667,100,100,100
Groceries & Pets,2023-05-10,3,3,3,1,3,3,2,3,3,1,TRUE,33.33333333,100,100,100
Groceries & Pets,2023-05-11,92,92,80,34,92,92,27,87,89,27,TRUE,36.95652174,100,94.56521739,96.73913043
Groceries & Pets,2023-05-12,197,197,153,45,196,196,54,187,184,40,TRUE,22.84263959,99.49238579,94.92385787,93.40101523
Groceries & Pets,2023-05-13,55,55,27,17,55,55,19,53,55,17,TRUE,30.90909091,100,96.36363636,100
Health & Beauty,2023-04-24,37,37,34,12,37,37,26,37,37,0,TRUE,32.43243243,100,100,100
Health & Beauty,2023-04-25,67,67,62,26,67,67,49,67,67,2,TRUE,38.80597015,100,100,100
Health & Beauty,2023-04-26,71,71,63,29,71,68,38,71,71,3,TRUE,40.84507042,100,100,100
Health & Beauty,2023-04-27,72,72,66,23,72,71,35,70,72,3,TRUE,31.94444444,100,97.22222222,100
Health & Beauty,2023-04-28,129,129,107,49,129,127,82,128,129,8,TRUE,37.98449612,100,99.2248062,100
Health & Beauty,2023-04-29,62,62,57,20,62,61,39,62,62,3,TRUE,32.25806452,100,100,100
Health & Beauty,2023-04-30,95,95,82,35,94,93,45,93,94,19,TRUE,36.84210526,98.94736842,97.89473684,98.94736842
Health & Beauty,2023-05-01,354,354,270,134,354,353,211,351,354,48,TRUE,37.85310734,100,99.15254237,100
Health & Beauty,2023-05-02,42,42,40,22,42,42,22,41,42,13,TRUE,52.38095238,100,97.61904762,100
Health & Beauty,2023-05-03,17,17,17,6,17,17,13,16,17,2,TRUE,35.29411765,100,94.11764706,100
Health & Beauty,2023-05-04,0,0,0,0,0,0,0,0,0,0,FALSE,,,,
Health & Beauty,2023-05-05,89,89,80,39,89,86,47,87,89,10,TRUE,43.82022472,100,97.75280899,100
Health & Beauty,2023-05-06,63,63,56,27,63,63,39,63,63,7,TRUE,42.85714286,100,100,100
Health & Beauty,2023-05-07,66,66,61,31,66,65,33,64,64,15,TRUE,46.96969697,100,96.96969697,96.96969697
Health & Beauty,2023-05-08,114,114,98,58,114,113,70,114,114,36,TRUE,50.87719298,100,100,100
Health & Beauty,2023-05-09,107,107,103,46,107,107,51,105,105,20,TRUE,42.99065421,100,98.13084112,98.13084112
Health & Beauty,2023-05-10,140,140,124,64,140,138,78,138,137,32,TRUE,45.71428571,100,98.57142857,97.85714286
Health & Beauty,2023-05-11,89,89,83,47,89,89,48,89,89,33,TRUE,52.80898876,100,100,100
Health & Beauty,2023-05-12,369,369,306,142,369,369,188,358,364,114,TRUE,38.48238482,100,97.01897019,98.64498645
Health & Beauty,2023-05-13,481,481,359,169,481,477,269,477,480,169,TRUE,35.13513514,100,99.16839917,99.79209979
Home & Living,2023-04-24,13,13,12,8,13,13,7,13,13,0,TRUE,61.53846154,100,100,100
Home & Living,2023-04-25,30,30,30,8,30,30,16,30,30,0,TRUE,26.66666667,100,100,100
Home & Living,2023-04-26,48,48,44,14,48,48,26,48,48,0,TRUE,29.16666667,100,100,100
Home & Living,2023-04-27,39,39,35,15,39,38,20,39,39,4,TRUE,38.46153846,100,100,100
Home & Living,2023-04-28,69,69,63,27,69,66,54,69,69,5,TRUE,39.13043478,100,100,100
Home & Living,2023-04-29,59,59,51,20,58,58,39,59,59,6,TRUE,33.89830508,98.30508475,100,100
Home & Living,2023-04-30,50,50,48,22,50,49,32,50,50,4,TRUE,44,100,100,100
Home & Living,2023-05-01,171,171,140,51,171,163,94,171,171,28,TRUE,29.8245614,100,100,100
Home & Living,2023-05-02,54,54,53,19,54,52,30,53,54,16,TRUE,35.18518519,100,98.14814815,100
Home & Living,2023-05-03,8,8,8,3,8,8,6,8,8,3,TRUE,37.5,100,100,100
Home & Living,2023-05-04,0,0,0,0,0,0,0,0,0,0,FALSE,,,,
Home & Living,2023-05-05,49,49,43,22,49,47,27,48,49,8,TRUE,44.89795918,100,97.95918367,100
Home & Living,2023-05-06,34,34,33,13,34,34,20,33,34,2,TRUE,38.23529412,100,97.05882353,100
Home & Living,2023-05-07,22,22,22,12,22,22,17,22,22,6,TRUE,54.54545455,100,100,100
Home & Living,2023-05-08,38,38,36,21,38,36,22,37,38,15,TRUE,55.26315789,100,97.36842105,100
Home & Living,2023-05-09,72,72,65,32,72,71,36,72,72,14,TRUE,44.44444444,100,100,100
Home & Living,2023-05-10,106,106,99,22,106,102,43,105,106,16,TRUE,20.75471698,100,99.05660377,100
Home & Living,2023-05-11,62,62,57,31,62,61,30,61,62,18,TRUE,50,100,98.38709677,100
Home & Living,2023-05-12,174,174,147,69,174,169,103,174,174,34,TRUE,39.65517241,100,100,100
Home & Living,2023-05-13,218,218,172,94,218,213,136,218,218,94,TRUE,43.11926606,100,100,100
Home Appliances,2023-04-24,25,25,24,12,25,23,15,25,25,0,TRUE,48,100,100,100
Home Appliances,2023-04-25,13,13,13,5,13,13,9,13,13,0,TRUE,38.46153846,100,100,100
Home Appliances,2023-04-26,23,23,20,5,23,23,12,23,23,2,TRUE,21.73913043,100,100,100
Home Appliances,2023-04-27,32,32,31,4,32,32,23,32,32,0,TRUE,12.5,100,100,100
Home Appliances,2023-04-28,23,23,23,7,23,23,15,22,23,0,TRUE,30.43478261,100,95.65217391,100
Home Appliances,2023-04-29,23,23,22,12,23,23,12,23,23,5,TRUE,52.17391304,100,100,100
Home Appliances,2023-04-30,11,11,11,4,11,11,7,8,9,0,TRUE,36.36363636,100,72.72727273,81.81818182
Home Appliances,2023-05-01,251,251,199,46,251,246,152,204,206,19,TRUE,18.32669323,100,81.2749004,82.07171315
Home Appliances,2023-05-02,19,19,19,8,19,19,11,19,19,7,TRUE,42.10526316,100,100,100
Home Appliances,2023-05-03,33,33,31,12,33,32,24,33,33,10,TRUE,36.36363636,100,100,100
Home Appliances,2023-05-04,1,1,1,1,1,1,0,1,1,1,TRUE,100,100,100,100
Home Appliances,2023-05-05,38,38,34,9,38,38,20,33,34,2,TRUE,23.68421053,100,86.84210526,89.47368421
Home Appliances,2023-05-06,13,13,12,7,13,13,8,9,9,1,TRUE,53.84615385,100,69.23076923,69.23076923
Home Appliances,2023-05-07,29,29,28,12,28,28,12,24,22,10,TRUE,41.37931034,96.55172414,82.75862069,75.86206897
Home Appliances,2023-05-08,26,26,24,7,26,26,20,21,22,1,TRUE,26.92307692,100,80.76923077,84.61538462
Home Appliances,2023-05-09,25,25,24,5,25,25,12,25,25,2,TRUE,20,100,100,100
Home Appliances,2023-05-10,6,6,6,1,6,6,1,5,5,1,TRUE,16.66666667,100,83.33333333,83.33333333
Home Appliances,2023-05-11,36,36,35,12,36,36,21,33,33,4,TRUE,33.33333333,100,91.66666667,91.66666667
Home Appliances,2023-05-12,118,118,87,22,117,114,52,114,117,18,TRUE,18.6440678,99.15254237,96.61016949,99.15254237
Home Appliances,2023-05-13,203,203,162,34,202,201,98,177,180,34,TRUE,16.74876847,99.50738916,87.19211823,88.66995074
Men Clothes,2023-04-24,46,46,44,20,46,46,23,44,44,0,TRUE,43.47826087,100,95.65217391,95.65217391
Men Clothes,2023-04-25,138,138,111,59,138,135,85,136,138,5,TRUE,42.75362319,100,98.55072464,100
Men Clothes,2023-04-26,79,79,72,43,78,77,43,78,77,5,TRUE,54.43037975,98.73417722,98.73417722,97.46835443
Men Clothes,2023-04-27,76,76,63,39,76,70,42,75,75,12,TRUE,51.31578947,100,98.68421053,98.68421053
Men Clothes,2023-04-28,70,70,66,34,70,68,34,68,68,11,TRUE,48.57142857,100,97.14285714,97.14285714
Men Clothes,2023-04-29,28,28,26,13,28,28,23,28,28,7,TRUE,46.42857143,100,100,100
Men Clothes,2023-04-30,58,58,52,31,58,57,33,58,58,12,TRUE,53.44827586,100,100,100
Men Clothes,2023-05-01,311,311,238,125,311,304,175,269,267,56,TRUE,40.19292605,100,86.49517685,85.85209003
Men Clothes,2023-05-02,82,82,74,40,82,79,37,73,72,21,TRUE,48.7804878,100,89.02439024,87.80487805
Men Clothes,2023-05-03,44,44,26,26,44,44,12,44,44,11,TRUE,59.09090909,100,100,100
Men Clothes,2023-05-04,150,150,95,82,150,150,45,149,150,32,TRUE,54.66666667,100,99.33333333,100
Men Clothes,2023-05-05,161,161,138,104,161,161,76,154,155,51,TRUE,64.59627329,100,95.65217391,96.27329193
Men Clothes,2023-05-06,151,151,130,80,151,151,75,128,131,44,TRUE,52.98013245,100,84.76821192,86.75496689
Men Clothes,2023-05-07,63,63,44,37,63,63,37,60,60,25,TRUE,58.73015873,100,95.23809524,95.23809524
Men Clothes,2023-05-08,88,88,81,51,88,88,43,75,77,39,TRUE,57.95454545,100,85.22727273,87.5
Men Clothes,2023-05-09,90,90,78,57,90,90,45,85,87,30,TRUE,63.33333333,100,94.44444444,96.66666667
Men Clothes,2023-05-10,150,150,133,80,149,148,65,133,133,53,TRUE,53.33333333,99.33333333,88.66666667,88.66666667
Men Clothes,2023-05-11,87,87,79,58,87,87,39,79,80,44,TRUE,66.66666667,100,90.8045977,91.95402299
Men Clothes,2023-05-12,303,303,225,91,303,301,141,277,282,85,TRUE,30.0330033,100,91.41914191,93.06930693
Men Clothes,2023-05-13,283,283,238,135,283,283,114,246,251,135,TRUE,47.70318021,100,86.92579505,88.69257951
Men Shoes,2023-04-24,3,3,3,0,3,3,1,3,3,0,TRUE,0,100,100,100
Men Shoes,2023-04-25,3,3,2,0,3,3,0,3,3,0,TRUE,0,100,100,100
Men Shoes,2023-04-26,4,4,4,0,4,4,3,4,4,0,TRUE,0,100,100,100
Men Shoes,2023-04-27,0,0,0,0,0,0,0,0,0,0,FALSE,,,,
Men Shoes,2023-04-28,7,7,6,1,7,7,6,7,7,0,TRUE,14.28571429,100,100,100
Men Shoes,2023-04-29,0,0,0,0,0,0,0,0,0,0,FALSE,,,,
Men Shoes,2023-04-30,1,1,1,0,1,1,0,1,1,0,TRUE,0,100,100,100
Men Shoes,2023-05-01,118,118,104,16,118,117,73,114,116,1,TRUE,13.55932203,100,96.61016949,98.30508475
Men Shoes,2023-05-02,2,2,2,1,2,2,2,2,2,1,TRUE,50,100,100,100
Men Shoes,2023-05-03,13,13,13,4,13,13,9,13,13,4,TRUE,30.76923077,100,100,100
Men Shoes,2023-05-04,1,1,1,1,1,1,1,1,1,1,TRUE,100,100,100,100
Men Shoes,2023-05-05,2,2,1,0,2,2,0,2,1,0,TRUE,0,100,100,50
Men Shoes,2023-05-06,4,4,4,0,4,4,1,4,4,0,TRUE,0,100,100,100
Men Shoes,2023-05-07,3,3,3,0,3,3,2,1,1,0,TRUE,0,100,33.33333333,33.33333333
Men Shoes,2023-05-08,0,0,0,0,0,0,0,0,0,0,FALSE,,,,
Men Shoes,2023-05-09,0,0,0,0,0,0,0,0,0,0,FALSE,,,,
Men Shoes,2023-05-10,0,0,0,0,0,0,0,0,0,0,FALSE,,,,
Men Shoes,2023-05-11,4,4,1,0,4,4,0,4,4,0,TRUE,0,100,100,100
Men Shoes,2023-05-12,0,0,0,0,0,0,0,0,0,0,FALSE,,,,
Men Shoes,2023-05-13,44,44,40,10,44,44,21,33,38,10,TRUE,22.72727273,100,75,86.36363636
Men's Bags & Wallets,2023-04-24,3,3,3,2,3,3,2,3,3,0,TRUE,66.66666667,100,100,100
Men's Bags & Wallets,2023-04-25,6,6,6,4,6,6,3,6,6,0,TRUE,66.66666667,100,100,100
Men's Bags & Wallets,2023-04-26,0,0,0,0,0,0,0,0,0,0,FALSE,,,,
Men's Bags & Wallets,2023-04-27,0,0,0,0,0,0,0,0,0,0,FALSE,,,,
Men's Bags & Wallets,2023-04-28,4,4,4,0,3,3,3,3,3,0,TRUE,0,75,75,75
Men's Bags & Wallets,2023-04-29,3,3,3,0,3,3,1,2,1,0,TRUE,0,100,66.66666667,33.33333333
Men's Bags & Wallets,2023-04-30,8,8,8,2,8,8,3,8,8,0,TRUE,25,100,100,100
Men's Bags & Wallets,2023-05-01,160,160,110,15,159,159,82,133,132,6,TRUE,9.375,99.375,83.125,82.5
Men's Bags & Wallets,2023-05-02,2,2,2,0,2,2,1,2,2,0,TRUE,0,100,100,100
Men's Bags & Wallets,2023-05-03,76,76,66,3,76,76,44,74,75,2,TRUE,3.947368421,100,97.36842105,98.68421053
Men's Bags & Wallets,2023-05-04,0,0,0,0,0,0,0,0,0,0,FALSE,,,,
Men's Bags & Wallets,2023-05-05,10,10,10,0,10,10,7,10,10,0,TRUE,0,100,100,100
Men's Bags & Wallets,2023-05-06,15,15,13,5,15,15,10,15,15,2,TRUE,33.33333333,100,100,100
Men's Bags & Wallets,2023-05-07,8,8,8,3,8,8,2,8,8,1,TRUE,37.5,100,100,100
Men's Bags & Wallets,2023-05-08,20,20,17,5,20,20,18,20,20,3,TRUE,25,100,100,100
Men's Bags & Wallets,2023-05-09,1,1,1,0,1,1,1,1,1,0,TRUE,0,100,100,100
Men's Bags & Wallets,2023-05-10,0,0,0,0,0,0,0,0,0,0,FALSE,,,,
Men's Bags & Wallets,2023-05-11,52,52,43,11,52,52,33,43,42,4,TRUE,21.15384615,100,82.69230769,80.76923077
Men's Bags & Wallets,2023-05-12,49,49,41,21,48,48,26,42,36,9,TRUE,42.85714286,97.95918367,85.71428571,73.46938776
Men's Bags & Wallets,2023-05-13,75,75,48,20,75,74,40,72,65,20,TRUE,26.66666667,100,96,86.66666667
Mobile & Accessories,2023-04-24,21,21,21,7,21,21,15,19,21,0,TRUE,33.33333333,100,90.47619048,100
Mobile & Accessories,2023-04-25,114,114,95,51,114,109,76,113,110,0,TRUE,44.73684211,100,99.12280702,96.49122807
Mobile & Accessories,2023-04-26,60,60,53,24,60,55,40,60,60,2,TRUE,40,100,100,100
Mobile & Accessories,2023-04-27,39,39,33,19,39,38,20,39,39,5,TRUE,48.71794872,100,100,100
Mobile & Accessories,2023-04-28,77,77,68,39,77,76,50,76,77,11,TRUE,50.64935065,100,98.7012987,100
Mobile & Accessories,2023-04-29,29,29,26,17,29,29,19,29,29,6,TRUE,58.62068966,100,100,100
Mobile & Accessories,2023-04-30,71,71,62,33,71,69,33,70,70,10,TRUE,46.47887324,100,98.5915493,98.5915493
Mobile & Accessories,2023-05-01,198,198,141,99,198,194,122,196,197,38,TRUE,50,100,98.98989899,99.49494949
Mobile & Accessories,2023-05-02,86,86,68,43,86,79,56,84,86,39,TRUE,50,100,97.6744186,100
Mobile & Accessories,2023-05-03,13,13,13,3,13,12,9,13,13,2,TRUE,23.07692308,100,100,100
Mobile & Accessories,2023-05-04,18,18,17,7,18,18,10,17,18,4,TRUE,38.88888889,100,94.44444444,100
Mobile & Accessories,2023-05-05,100,100,70,54,100,96,64,100,99,7,TRUE,54,100,100,99
Mobile & Accessories,2023-05-06,141,141,117,66,141,141,78,136,140,28,TRUE,46.80851064,100,96.45390071,99.29078014
Mobile & Accessories,2023-05-07,59,59,52,20,59,58,47,58,59,12,TRUE,33.89830508,100,98.30508475,100
Mobile & Accessories,2023-05-08,68,68,56,39,68,66,41,66,65,26,TRUE,57.35294118,100,97.05882353,95.58823529
Mobile & Accessories,2023-05-09,56,56,47,31,56,52,32,53,55,19,TRUE,55.35714286,100,94.64285714,98.21428571
Mobile & Accessories,2023-05-10,116,116,99,66,116,114,56,114,115,36,TRUE,56.89655172,100,98.27586207,99.13793103
Mobile & Accessories,2023-05-11,59,59,52,34,59,59,34,59,59,29,TRUE,57.62711864,100,100,100
Mobile & Accessories,2023-05-12,183,183,135,69,183,183,69,175,183,58,TRUE,37.70491803,100,95.6284153,100
Mobile & Accessories,2023-05-13,379,379,237,160,378,372,228,368,372,160,TRUE,42.21635884,99.73614776,97.09762533,98.1530343
Muslim Fashion,2023-04-24,1,1,1,0,1,1,1,1,1,0,TRUE,0,100,100,100
Muslim Fashion,2023-04-25,3,3,2,1,3,3,0,3,3,0,TRUE,33.33333333,100,100,100
Muslim Fashion,2023-04-26,8,8,8,0,8,8,5,8,8,0,TRUE,0,100,100,100
Muslim Fashion,2023-04-27,1,1,1,0,1,1,0,1,1,0,TRUE,0,100,100,100
Muslim Fashion,2023-04-28,6,6,6,0,6,6,5,6,6,0,TRUE,0,100,100,100
Muslim Fashion,2023-04-29,0,0,0,0,0,0,0,0,0,0,FALSE,,,,
Muslim Fashion,2023-04-30,6,6,6,2,6,6,5,6,6,0,TRUE,33.33333333,100,100,100
Muslim Fashion,2023-05-01,119,119,94,11,119,119,62,119,119,2,TRUE,9.243697479,100,100,100
Muslim Fashion,2023-05-02,3,3,3,1,3,3,2,3,3,0,TRUE,33.33333333,100,100,100
Muslim Fashion,2023-05-03,56,56,55,13,56,56,31,56,54,8,TRUE,23.21428571,100,100,96.42857143
Muslim Fashion,2023-05-04,0,0,0,0,0,0,0,0,0,0,FALSE,,,,
Muslim Fashion,2023-05-05,0,0,0,0,0,0,0,0,0,0,FALSE,,,,
Muslim Fashion,2023-05-06,0,0,0,0,0,0,0,0,0,0,FALSE,,,,
Muslim Fashion,2023-05-07,10,10,9,0,10,10,3,10,10,0,TRUE,0,100,100,100
Muslim Fashion,2023-05-08,0,0,0,0,0,0,0,0,0,0,FALSE,,,,
Muslim Fashion,2023-05-09,0,0,0,0,0,0,0,0,0,0,FALSE,,,,
Muslim Fashion,2023-05-10,1,1,1,0,1,1,0,1,1,0,TRUE,0,100,100,100
Muslim Fashion,2023-05-11,13,13,13,1,13,13,4,12,12,1,TRUE,7.692307692,100,92.30769231,92.30769231
Muslim Fashion,2023-05-12,13,13,12,0,13,13,3,13,13,0,TRUE,0,100,100,100
Muslim Fashion,2023-05-13,179,179,108,8,179,179,62,177,178,8,TRUE,4.469273743,100,98.88268156,99.44134078
Others,2023-04-24,0,0,0,0,0,0,0,0,0,0,FALSE,,,,
Others,2023-04-25,0,0,0,0,0,0,0,0,0,0,FALSE,,,,
Others,2023-04-26,5,5,5,0,5,5,0,5,5,0,TRUE,0,100,100,100
Others,2023-04-27,0,0,0,0,0,0,0,0,0,0,FALSE,,,,
Others,2023-04-28,0,0,0,0,0,0,0,0,0,0,FALSE,,,,
Others,2023-04-29,0,0,0,0,0,0,0,0,0,0,FALSE,,,,
Others,2023-04-30,0,0,0,0,0,0,0,0,0,0,FALSE,,,,
Others,2023-05-01,40,40,30,0,40,40,9,39,39,0,TRUE,0,100,97.5,97.5
Others,2023-05-02,0,0,0,0,0,0,0,0,0,0,FALSE,,,,
Others,2023-05-03,0,0,0,0,0,0,0,0,0,0,FALSE,,,,
Others,2023-05-04,0,0,0,0,0,0,0,0,0,0,FALSE,,,,
Others,2023-05-05,0,0,0,0,0,0,0,0,0,0,FALSE,,,,
Others,2023-05-06,0,0,0,0,0,0,0,0,0,0,FALSE,,,,
Others,2023-05-07,0,0,0,0,0,0,0,0,0,0,FALSE,,,,
Others,2023-05-08,0,0,0,0,0,0,0,0,0,0,FALSE,,,,
Others,2023-05-09,0,0,0,0,0,0,0,0,0,0,FALSE,,,,
Others,2023-05-10,0,0,0,0,0,0,0,0,0,0,FALSE,,,,
Others,2023-05-11,0,0,0,0,0,0,0,0,0,0,FALSE,,,,
Others,2023-05-12,0,0,0,0,0,0,0,0,0,0,FALSE,,,,
Others,2023-05-13,0,0,0,0,0,0,0,0,0,0,FALSE,,,,
Sports & Outdoor,2023-04-24,6,6,6,1,6,6,1,6,6,0,TRUE,16.66666667,100,100,100
Sports & Outdoor,2023-04-25,11,11,11,2,11,11,10,11,11,0,TRUE,18.18181818,100,100,100
Sports & Outdoor,2023-04-26,0,0,0,0,0,0,0,0,0,0,FALSE,,,,
Sports & Outdoor,2023-04-27,4,4,4,0,4,4,2,3,4,0,TRUE,0,100,75,100
Sports & Outdoor,2023-04-28,12,12,12,0,12,12,6,12,12,0,TRUE,0,100,100,100
Sports & Outdoor,2023-04-29,13,13,13,4,13,13,6,13,13,0,TRUE,30.76923077,100,100,100
Sports & Outdoor,2023-04-30,4,4,4,3,4,4,4,4,4,0,TRUE,75,100,100,100
Sports & Outdoor,2023-05-01,172,172,132,22,172,169,114,163,167,3,TRUE,12.79069767,100,94.76744186,97.09302326
Sports & Outdoor,2023-05-02,5,5,5,3,5,5,3,5,5,2,TRUE,60,100,100,100
Sports & Outdoor,2023-05-03,105,105,94,18,105,105,58,104,105,2,TRUE,17.14285714,100,99.04761905,100
Sports & Outdoor,2023-05-04,1,1,1,1,1,1,0,1,1,0,TRUE,100,100,100,100
Sports & Outdoor,2023-05-05,9,9,8,0,9,9,7,9,9,0,TRUE,0,100,100,100
Sports & Outdoor,2023-05-06,6,6,6,2,6,6,5,5,6,1,TRUE,33.33333333,100,83.33333333,100
Sports & Outdoor,2023-05-07,20,20,20,6,20,20,9,20,20,0,TRUE,30,100,100,100
Sports & Outdoor,2023-05-08,7,7,7,1,7,7,5,7,7,1,TRUE,14.28571429,100,100,100
Sports & Outdoor,2023-05-09,0,0,0,0,0,0,0,0,0,0,FALSE,,,,
Sports & Outdoor,2023-05-10,1,1,1,0,1,1,1,1,1,0,TRUE,0,100,100,100
Sports & Outdoor,2023-05-11,33,33,30,10,33,33,15,33,33,4,TRUE,30.3030303,100,100,100
Sports & Outdoor,2023-05-12,86,86,70,42,86,85,35,85,80,13,TRUE,48.8372093,100,98.8372093,93.02325581
Sports & Outdoor,2023-05-13,293,293,190,68,293,293,166,270,265,68,TRUE,23.20819113,100,92.15017065,90.44368601
Tickets & Vouchers,2023-04-24,1,1,1,1,1,1,1,1,1,0,TRUE,100,100,100,100
Tickets & Vouchers,2023-04-25,6,6,6,0,6,6,2,6,6,0,TRUE,0,100,100,100
Tickets & Vouchers,2023-04-26,3,3,3,1,3,3,0,1,1,0,TRUE,33.33333333,100,33.33333333,33.33333333
Tickets & Vouchers,2023-04-27,5,5,5,0,5,5,0,3,3,0,TRUE,0,100,60,60
Tickets & Vouchers,2023-04-28,1,1,1,0,1,1,0,1,1,0,TRUE,0,100,100,100
Tickets & Vouchers,2023-04-29,13,13,13,2,13,13,4,10,9,0,TRUE,15.38461538,100,76.92307692,69.23076923
Tickets & Vouchers,2023-04-30,2,2,2,0,2,2,0,2,2,0,TRUE,0,100,100,100
Tickets & Vouchers,2023-05-01,15,15,15,1,15,15,5,15,15,1,TRUE,6.666666667,100,100,100
Tickets & Vouchers,2023-05-02,2,2,2,0,2,2,1,2,2,0,TRUE,0,100,100,100
Tickets & Vouchers,2023-05-03,0,0,0,0,0,0,0,0,0,0,FALSE,,,,
Tickets & Vouchers,2023-05-04,0,0,0,0,0,0,0,0,0,0,FALSE,,,,
Tickets & Vouchers,2023-05-05,0,0,0,0,0,0,0,0,0,0,FALSE,,,,
Tickets & Vouchers,2023-05-06,0,0,0,0,0,0,0,0,0,0,FALSE,,,,
Tickets & Vouchers,2023-05-07,40,40,36,3,39,39,3,19,19,2,TRUE,7.5,97.5,47.5,47.5
Tickets & Vouchers,2023-05-08,8,8,8,2,8,8,0,8,8,2,TRUE,25,100,100,100
Tickets & Vouchers,2023-05-09,0,0,0,0,0,0,0,0,0,0,FALSE,,,,
Tickets & Vouchers,2023-05-10,0,0,0,0,0,0,0,0,0,0,FALSE,,,,
Tickets & Vouchers,2023-05-11,0,0,0,0,0,0,0,0,0,0,FALSE,,,,
Tickets & Vouchers,2023-05-12,10,10,10,0,10,10,1,1,2,0,TRUE,0,100,10,20
Tickets & Vouchers,2023-05-13,0,0,0,0,0,0,0,0,0,0,FALSE,,,,
Travel & Luggage,2023-04-24,0,0,0,0,0,0,0,0,0,0,FALSE,,,,
Travel & Luggage,2023-04-25,4,4,4,1,4,4,2,4,4,0,TRUE,25,100,100,100
Travel & Luggage,2023-04-26,18,18,17,2,18,18,12,18,18,0,TRUE,11.11111111,100,100,100
Travel & Luggage,2023-04-27,2,2,2,0,2,2,2,2,2,0,TRUE,0,100,100,100
Travel & Luggage,2023-04-28,0,0,0,0,0,0,0,0,0,0,FALSE,,,,
Travel & Luggage,2023-04-29,12,12,11,2,12,12,6,6,5,0,TRUE,16.66666667,100,50,41.66666667
Travel & Luggage,2023-04-30,0,0,0,0,0,0,0,0,0,0,FALSE,,,,
Travel & Luggage,2023-05-01,23,23,15,2,23,23,16,0,1,2,TRUE,8.695652174,100,0,4.347826087
Travel & Luggage,2023-05-02,0,0,0,0,0,0,0,0,0,0,FALSE,,,,
Travel & Luggage,2023-05-03,0,0,0,0,0,0,0,0,0,0,FALSE,,,,
Travel & Luggage,2023-05-04,1,1,1,0,1,1,1,0,0,0,TRUE,0,100,0,0
Travel & Luggage,2023-05-05,0,0,0,0,0,0,0,0,0,0,FALSE,,,,
Travel & Luggage,2023-05-06,0,0,0,0,0,0,0,0,0,0,FALSE,,,,
Travel & Luggage,2023-05-07,10,10,10,0,10,10,5,10,10,0,TRUE,0,100,100,100
Travel & Luggage,2023-05-08,0,0,0,0,0,0,0,0,0,0,FALSE,,,,
Travel & Luggage,2023-05-09,0,0,0,0,0,0,0,0,0,0,FALSE,,,,
Travel & Luggage,2023-05-10,0,0,0,0,0,0,0,0,0,0,FALSE,,,,
Travel & Luggage,2023-05-11,11,11,11,5,11,11,7,8,9,0,TRUE,45.45454545,100,72.72727273,81.81818182
Travel & Luggage,2023-05-12,6,6,5,2,6,6,3,5,6,1,TRUE,33.33333333,100,83.33333333,100
Travel & Luggage,2023-05-13,67,67,63,8,67,67,33,49,51,8,TRUE,11.94029851,100,73.13432836,76.11940299
Watches,2023-04-24,11,11,11,1,11,11,4,11,11,0,TRUE,9.090909091,100,100,100
Watches,2023-04-25,12,12,11,3,12,12,11,12,12,0,TRUE,25,100,100,100
Watches,2023-04-26,33,33,25,13,33,32,24,24,24,0,TRUE,39.39393939,100,72.72727273,72.72727273
Watches,2023-04-27,47,47,40,17,47,47,36,36,36,5,TRUE,36.17021277,100,76.59574468,76.59574468
Watches,2023-04-28,7,7,4,3,7,7,7,7,7,1,TRUE,42.85714286,100,100,100
Watches,2023-04-29,6,6,4,4,6,6,6,6,6,1,TRUE,66.66666667,100,100,100
Watches,2023-04-30,9,9,6,3,9,9,9,9,9,1,TRUE,33.33333333,100,100,100
Watches,2023-05-01,4,4,3,3,4,4,4,4,4,3,TRUE,75,100,100,100
Watches,2023-05-02,9,9,9,3,9,9,7,7,7,0,TRUE,33.33333333,100,77.77777778,77.77777778
Watches,2023-05-03,7,7,7,4,7,7,3,7,7,0,TRUE,57.14285714,100,100,100
Watches,2023-05-04,8,8,7,1,8,8,2,7,7,1,TRUE,12.5,100,87.5,87.5
Watches,2023-05-05,41,41,36,22,41,41,26,24,20,3,TRUE,53.65853659,100,58.53658537,48.7804878
Watches,2023-05-06,35,35,20,14,35,34,21,35,35,2,TRUE,40,100,100,100
Watches,2023-05-07,16,16,15,5,16,16,9,16,16,5,TRUE,31.25,100,100,100
Watches,2023-05-08,32,32,32,16,32,32,17,24,25,11,TRUE,50,100,75,78.125
Watches,2023-05-09,31,31,28,12,31,31,17,31,30,10,TRUE,38.70967742,100,100,96.77419355
Watches,2023-05-10,47,47,38,26,47,47,33,31,31,16,TRUE,55.31914894,100,65.95744681,65.95744681
Watches,2023-05-11,60,60,48,19,60,60,37,50,49,16,TRUE,31.66666667,100,83.33333333,81.66666667
Watches,2023-05-12,96,96,45,41,96,96,65,65,64,37,TRUE,42.70833333,100,67.70833333,66.66666667
Watches,2023-05-13,22,22,10,19,22,22,20,1,1,19,TRUE,86.36363636,100,4.545454545,4.545454545
Women Clothes,2023-04-24,49,49,44,19,49,47,31,49,49,0,TRUE,38.7755102,100,100,100
Women Clothes,2023-04-25,92,92,82,31,92,91,60,92,92,4,TRUE,33.69565217,100,100,100
Women Clothes,2023-04-26,105,105,83,49,105,103,66,103,105,7,TRUE,46.66666667,100,98.0952381,100
Women Clothes,2023-04-27,55,55,51,13,55,53,36,55,55,8,TRUE,23.63636364,100,100,100
Women Clothes,2023-04-28,92,92,78,27,92,90,56,91,92,9,TRUE,29.34782609,100,98.91304348,100
Women Clothes,2023-04-29,18,18,16,9,18,18,13,18,18,2,TRUE,50,100,100,100
Women Clothes,2023-04-30,92,92,83,32,92,89,34,86,91,10,TRUE,34.7826087,100,93.47826087,98.91304348
Women Clothes,2023-05-01,208,208,155,69,208,206,136,207,207,29,TRUE,33.17307692,100,99.51923077,99.51923077
Women Clothes,2023-05-02,90,90,84,44,90,89,53,90,90,17,TRUE,48.88888889,100,100,100
Women Clothes,2023-05-03,17,17,17,3,17,17,9,17,17,1,TRUE,17.64705882,100,100,100
Women Clothes,2023-05-04,17,17,17,9,17,17,9,17,17,1,TRUE,52.94117647,100,100,100
Women Clothes,2023-05-05,159,159,124,90,159,157,78,154,159,45,TRUE,56.60377358,100,96.85534591,100
Women Clothes,2023-05-06,90,90,82,37,90,88,40,85,90,18,TRUE,41.11111111,100,94.44444444,100
Women Clothes,2023-05-07,38,38,35,20,38,38,21,38,37,8,TRUE,52.63157895,100,100,97.36842105
Women Clothes,2023-05-08,66,66,64,25,66,66,15,63,65,9,TRUE,37.87878788,100,95.45454545,98.48484848
Women Clothes,2023-05-09,56,56,56,34,56,56,24,54,56,16,TRUE,60.71428571,100,96.42857143,100
Women Clothes,2023-05-10,153,153,139,87,153,153,72,150,151,49,TRUE,56.8627451,100,98.03921569,98.69281046
Women Clothes,2023-05-11,123,123,103,65,123,123,80,118,122,39,TRUE,52.84552846,100,95.93495935,99.18699187
Women Clothes,2023-05-12,300,300,243,93,299,299,70,276,289,71,TRUE,31,99.66666667,92,96.33333333
Women Clothes,2023-05-13,412,412,341,167,410,409,164,381,395,167,TRUE,40.53398058,99.51456311,92.47572816,95.87378641
Women Shoes,2023-04-24,4,4,4,0,4,4,4,4,4,0,TRUE,0,100,100,100
Women Shoes,2023-04-25,4,4,4,0,4,4,4,4,4,0,TRUE,0,100,100,100
Women Shoes,2023-04-26,7,7,7,1,7,7,7,7,7,0,TRUE,14.28571429,100,100,100
Women Shoes,2023-04-27,7,7,6,2,7,7,5,7,7,0,TRUE,28.57142857,100,100,100
Women Shoes,2023-04-28,11,11,11,7,11,11,7,9,10,0,TRUE,63.63636364,100,81.81818182,90.90909091
Women Shoes,2023-04-29,15,15,15,1,15,15,15,15,15,0,TRUE,6.666666667,100,100,100
Women Shoes,2023-04-30,11,11,9,1,11,11,10,11,11,1,TRUE,9.090909091,100,100,100
Women Shoes,2023-05-01,99,99,77,12,99,98,59,90,91,8,TRUE,12.12121212,100,90.90909091,91.91919192
Women Shoes,2023-05-02,0,0,0,0,0,0,0,0,0,0,FALSE,,,,
Women Shoes,2023-05-03,19,19,16,12,19,19,13,19,19,1,TRUE,63.15789474,100,100,100
Women Shoes,2023-05-04,0,0,0,0,0,0,0,0,0,0,FALSE,,,,
Women Shoes,2023-05-05,11,11,10,2,11,11,9,11,11,1,TRUE,18.18181818,100,100,100
Women Shoes,2023-05-06,23,23,18,5,23,23,20,23,23,0,TRUE,21.73913043,100,100,100
Women Shoes,2023-05-07,22,22,21,6,22,22,20,21,22,6,TRUE,27.27272727,100,95.45454545,100
Women Shoes,2023-05-08,12,12,6,2,12,12,3,12,12,0,TRUE,16.66666667,100,100,100
Women Shoes,2023-05-09,0,0,0,0,0,0,0,0,0,0,FALSE,,,,
Women Shoes,2023-05-10,1,1,1,0,1,1,1,1,1,0,TRUE,0,100,100,100
Women Shoes,2023-05-11,32,32,29,12,32,32,20,31,28,7,TRUE,37.5,100,96.875,87.5
Women Shoes,2023-05-12,102,102,65,12,102,102,57,100,101,11,TRUE,11.76470588,100,98.03921569,99.01960784
Women Shoes,2023-05-13,64,64,50,8,64,64,55,64,64,8,TRUE,12.5,100,100,100
Women's Bags,2023-04-24,1,1,1,0,1,1,0,1,1,0,TRUE,0,100,100,100
Women's Bags,2023-04-25,4,4,4,1,4,4,3,4,4,0,TRUE,25,100,100,100
Women's Bags,2023-04-26,3,3,3,2,3,3,1,3,3,0,TRUE,66.66666667,100,100,100
Women's Bags,2023-04-27,11,11,9,7,11,11,9,11,11,0,TRUE,63.63636364,100,100,100
Women's Bags,2023-04-28,11,11,11,1,11,11,10,11,11,0,TRUE,9.090909091,100,100,100
Women's Bags,2023-04-29,18,18,18,8,17,17,11,18,18,0,TRUE,44.44444444,94.44444444,100,100
Women's Bags,2023-04-30,6,6,6,0,6,6,2,6,6,0,TRUE,0,100,100,100
Women's Bags,2023-05-01,122,122,85,19,122,122,95,122,121,10,TRUE,15.57377049,100,100,99.18032787
Women's Bags,2023-05-02,6,6,6,1,6,6,4,6,6,0,TRUE,16.66666667,100,100,100
Women's Bags,2023-05-03,76,76,62,19,76,76,46,73,75,6,TRUE,25,100,96.05263158,98.68421053
Women's Bags,2023-05-04,0,0,0,0,0,0,0,0,0,0,FALSE,,,,
Women's Bags,2023-05-05,42,42,33,9,42,42,29,41,42,6,TRUE,21.42857143,100,97.61904762,100
Women's Bags,2023-05-06,14,14,13,5,14,14,13,14,14,2,TRUE,35.71428571,100,100,100
Women's Bags,2023-05-07,10,10,7,5,10,9,5,8,10,5,TRUE,50,100,80,100
Women's Bags,2023-05-08,76,76,68,20,76,75,44,73,75,11,TRUE,26.31578947,100,96.05263158,98.68421053
Women's Bags,2023-05-09,0,0,0,0,0,0,0,0,0,0,FALSE,,,,
Women's Bags,2023-05-10,0,0,0,0,0,0,0,0,0,0,FALSE,,,,
Women's Bags,2023-05-11,40,40,33,12,40,40,21,39,35,6,TRUE,30,100,97.5,87.5
Women's Bags,2023-05-12,69,69,49,15,68,68,20,66,62,12,TRUE,21.73913043,98.55072464,95.65217391,89.85507246
Women's Bags,2023-05-13,114,114,83,13,114,112,74,111,112,13,TRUE,11.40350877,100,97.36842105,98.24561404
