category_level_2,sampled_snapshot_count,sampled_unique_product_count,sampled_seller_count,sampled_snapshot_share_percent,repeated_product_count,repeated_product_rate_percent,matched_interval_count,dates_observed_count,date_coverage_rate_percent,minimum_daily_sampled_snapshot_count,median_daily_sampled_snapshot_count,average_daily_sampled_snapshot_count,maximum_daily_sampled_snapshot_count,valid_actual_price_snapshot_count,valid_actual_price_snapshot_rate_percent,median_actual_price,average_actual_price,valid_original_price_snapshot_count,median_original_price,average_original_price,valid_discount_snapshot_count,displayed_discount_snapshot_count,displayed_discount_prevalence_percent,median_discount_percent,valid_favorite_snapshot_count,valid_favorite_snapshot_rate_percent,median_favorite_count_approx,average_favorite_count_approx,rounded_favorite_snapshot_count,valid_average_rating_snapshot_count,valid_average_rating_snapshot_rate_percent,median_average_rating,average_average_rating,category_changed_product_count,level2_category_changed_product_count,duplicate_review_snapshot_count,coverage_reliability_tier_status,performance_metric_status
Automotive,822,657,433,4.046868846,135,20.54794521,166,18,90,0,14.5,41.1,241,821,99.8783455,1.98,4391.112631,819,5,4412.563773,819,375,45.78754579,0,786,95.62043796,225,1265.390585,218,756,91.97080292,4.9,4.884391534,2,1,6,NOT_ASSIGNED_REQUIRES_APPROVED_THRESHOLDS,NO_VERIFIED_SALES_OR_REVENUE_METRIC
Baby & Toys,1496,1281,779,7.365104372,197,15.37861046,218,19,95,0,44,74.8,340,1486,99.3315508,3.395,202.6638358,1483,9,225.0904585,1474,962,65.26458616,26.96920287,1473,98.46256684,258,843.32926,355,1491,99.6657754,4.9,4.914151576,4,4,0,NOT_ASSIGNED_REQUIRES_APPROVED_THRESHOLDS,NO_VERIFIED_SALES_OR_REVENUE_METRIC
Cameras & Drones,452,439,284,2.225285545,13,2.961275626,13,13,65,0,1.5,22.6,170,452,100,15.995,1054.328031,451,18,1146.519069,451,222,49.22394678,0,338,74.77876106,57.5,599.4763314,43,346,76.54867257,4.9,4.888439306,0,0,0,NOT_ASSIGNED_REQUIRES_APPROVED_THRESHOLDS,NO_VERIFIED_SALES_OR_REVENUE_METRIC
Computer & Accessories,391,372,258,1.924970461,19,5.107526882,19,17,85,0,7,19.55,163,391,100,10,373.874578,387,12,453.8960465,387,131,33.8501292,0,373,95.39641944,85,669.5737265,59,382,97.69820972,5,4.938481675,0,0,0,NOT_ASSIGNED_REQUIRES_APPROVED_THRESHOLDS,NO_VERIFIED_SALES_OR_REVENUE_METRIC
Fashion Accessories,410,368,297,2.018511225,38,10.32608696,43,16,80,0,7.5,20.5,97,410,100,3.095,23.65592683,408,8.25,37.1477451,408,275,67.40196078,33.67156057,409,99.75609756,348,904.3374083,102,410,100,4.9,4.89,1,1,0,NOT_ASSIGNED_REQUIRES_APPROVED_THRESHOLDS,NO_VERIFIED_SALES_OR_REVENUE_METRIC
"Games, Books & Hobbies",345,322,200,1.698503348,22,6.832298137,23,13,65,0,3,17.25,159,345,100,1.5,26.60162319,343,2.5,34.35991254,343,125,36.44314869,0,332,96.23188406,62,447.746988,33,341,98.84057971,5,4.941055718,0,0,0,NOT_ASSIGNED_REQUIRES_APPROVED_THRESHOLDS,NO_VERIFIED_SALES_OR_REVENUE_METRIC
Gaming & Consoles,148,141,120,0.7286333202,7,4.964539007,7,9,45,0,0,7.4,62,148,100,1,49.41378378,148,1,60.82135135,148,41,27.7027027,0,136,91.89189189,45,394.3235294,17,144,97.2972973,5,4.928472222,0,0,0,NOT_ASSIGNED_REQUIRES_APPROVED_THRESHOLDS,NO_VERIFIED_SALES_OR_REVENUE_METRIC
Groceries & Pets,1130,966,663,5.563213864,148,15.32091097,164,20,100,1,34,56.5,263,1128,99.82300885,7.55,83.17654255,1126,8.925,86.47008881,1126,429,38.09946714,0,1101,97.43362832,158,728.6684832,201,1108,98.05309735,4.9,4.906859206,2,1,0,NOT_ASSIGNED_REQUIRES_APPROVED_THRESHOLDS,NO_VERIFIED_SALES_OR_REVENUE_METRIC
Health & Beauty,2464,1928,1183,12.13076014,443,22.97717842,537,19,95,0,80.5,123.2,481,2463,99.95941558,2.8,54.92296793,2443,6.9,64.96643471,2443,1383,56.61072452,10.12658228,2431,98.66071429,222,1405.876183,622,2450,99.43181818,4.9,4.896,7,2,4,NOT_ASSIGNED_REQUIRES_APPROVED_THRESHOLDS,NO_VERIFIED_SALES_OR_REVENUE_METRIC
Home & Living,1316,1044,697,6.478928712,231,22.12643678,273,19,95,0,49.5,65.8,218,1315,99.92401216,2.7,31.07918631,1281,5.9,54.90652615,1280,758,59.21875,20,1310,99.54407295,749.5,2897.315267,571,1316,100,4.9,4.892325228,3,3,6,NOT_ASSIGNED_REQUIRES_APPROVED_THRESHOLDS,NO_VERIFIED_SALES_OR_REVENUE_METRIC
Home Appliances,948,831,596,4.667191808,108,12.99638989,117,20,100,1,25,47.4,251,945,99.6835443,20,431.7223069,933,35,594.2141265,933,524,56.16291533,15.33898305,844,89.02953586,165,1411.902844,198,854,90.08438819,4.9,4.891803279,0,0,0,NOT_ASSIGNED_REQUIRES_APPROVED_THRESHOLDS,NO_VERIFIED_SALES_OR_REVENUE_METRIC
Men Clothes,2458,1780,1079,12.10122095,527,29.60674157,678,20,100,28,87.5,122.9,311,2456,99.91863303,19.935,66.76701547,2430,39,84.67175309,2430,1187,48.84773663,0,2259,91.90398698,149,1040.772466,451,2277,92.63628967,4.9,4.864251208,2,0,18,NOT_ASSIGNED_REQUIRES_APPROVED_THRESHOLDS,NO_VERIFIED_SALES_OR_REVENUE_METRIC
Men Shoes,209,192,156,1.028948405,16,8.333333333,17,14,70,0,2.5,10.45,118,209,100,5.7,40.20143541,208,9.9,57.23923077,208,119,57.21153846,19.27199191,192,91.86602871,272.5,907.265625,50,198,94.73684211,4.9,4.878282828,0,0,0,NOT_ASSIGNED_REQUIRES_APPROVED_THRESHOLDS,NO_VERIFIED_SALES_OR_REVENUE_METRIC
Men's Bags & Wallets,492,445,288,2.42221347,44,9.887640449,47,16,80,0,7,24.6,160,489,99.3902439,40,179.5471984,488,97.65,235.0720902,488,276,56.55737705,10.75649691,442,89.83739837,122.5,685.2352941,80,427,86.78861789,4.9,4.890866511,0,0,0,NOT_ASSIGNED_REQUIRES_APPROVED_THRESHOLDS,NO_VERIFIED_SALES_OR_REVENUE_METRIC
Mobile & Accessories,1887,1395,747,9.290074833,389,27.88530466,492,20,100,13,69.5,94.35,379,1886,99.94700583,9.995,272.1111718,1842,19,333.3342508,1841,1099,59.69581749,20.06688963,1845,97.77424483,223,1362.237398,486,1867,98.94011659,4.9,4.877075522,2,1,0,NOT_ASSIGNED_REQUIRES_APPROVED_THRESHOLDS,NO_VERIFIED_SALES_OR_REVENUE_METRIC
Muslim Fashion,419,400,282,2.062820008,18,4.5,19,14,70,0,3,20.95,179,419,100,25.2,61.56062053,419,35,73.43983294,419,183,43.67541766,0,416,99.28400955,424.5,2055.399038,130,415,99.04534606,4.9,4.895662651,0,0,8,NOT_ASSIGNED_REQUIRES_APPROVED_THRESHOLDS,NO_VERIFIED_SALES_OR_REVENUE_METRIC
Others,45,45,33,0.2215439149,0,0,0,2,10,0,0,2.25,40,45,100,22,28.31933333,45,22,30.29355556,45,9,20,0,44,97.77777778,54,229.8863636,2,44,97.77777778,4.9,4.938636364,0,0,0,NOT_ASSIGNED_REQUIRES_APPROVED_THRESHOLDS,NO_VERIFIED_SALES_OR_REVENUE_METRIC
Sports & Outdoor,788,694,465,3.87948011,89,12.82420749,94,18,90,0,8,39.4,293,788,100,15.945,129.1902411,784,29.335,178.2328316,784,447,57.01530612,11.70549904,752,95.43147208,107.5,753.3271277,128,749,95.05076142,4.9,4.886381842,0,0,2,NOT_ASSIGNED_REQUIRES_APPROVED_THRESHOLDS,NO_VERIFIED_SALES_OR_REVENUE_METRIC
Tickets & Vouchers,106,101,93,0.5218589996,5,4.95049505,5,12,60,0,1.5,5.3,40,105,99.05660377,10.56,355.269619,105,10.56,364.834381,105,17,16.19047619,0,69,65.09433962,11,71.94202899,0,69,65.09433962,5,4.92173913,0,0,0,NOT_ASSIGNED_REQUIRES_APPROVED_THRESHOLDS,NO_VERIFIED_SALES_OR_REVENUE_METRIC
Travel & Luggage,154,143,121,0.7581725089,11,7.692307692,11,10,50,0,0.5,7.7,67,154,100,7.075,1496.84026,154,10.86,2813.307922,154,87,56.49350649,21.96202531,102,66.23376623,54.5,916.5490196,18,106,68.83116883,4.9,4.904716981,0,0,0,NOT_ASSIGNED_REQUIRES_APPROVED_THRESHOLDS,NO_VERIFIED_SALES_OR_REVENUE_METRIC
Watches,533,402,198,2.624064592,98,24.37810945,131,20,100,4,19,26.65,96,533,100,88.31,735.2071295,531,135,1338.749153,531,358,67.41996234,49.99991496,407,76.36022514,319,1109.609337,109,401,75.23452158,4.9,4.865586035,1,0,0,NOT_ASSIGNED_REQUIRES_APPROVED_THRESHOLDS,NO_VERIFIED_SALES_OR_REVENUE_METRIC
Women Clothes,2232,1723,1140,10.98857818,414,24.02785839,510,20,100,17,91,111.6,412,2229,99.8655914,14.24,35.33657694,2209,25.8,46.92145315,2209,1067,48.30239928,0,2144,96.05734767,236,1785.09375,604,2197,98.43189964,4.9,4.88561675,3,3,14,NOT_ASSIGNED_REQUIRES_APPROVED_THRESHOLDS,NO_VERIFIED_SALES_OR_REVENUE_METRIC
Women Shoes,444,401,245,2.185899961,40,9.975062344,43,17,85,0,11,22.2,102,444,100,7.9,54.11972973,443,27,73.24643341,443,309,69.751693,40.1,429,96.62162162,157,1054.18648,83,430,96.84684685,4.9,4.849767442,0,0,0,NOT_ASSIGNED_REQUIRES_APPROVED_THRESHOLDS,NO_VERIFIED_SALES_OR_REVENUE_METRIC
Women's Bags,623,552,342,3.067152422,66,11.95652174,71,17,85,0,11,31.15,122,621,99.67897271,17.9,163.5119485,617,32,218.6796921,617,387,62.72285251,33.33333333,607,97.4317817,321,1448.324547,178,606,97.27126806,4.9,4.891584158,0,0,4,NOT_ASSIGNED_REQUIRES_APPROVED_THRESHOLDS,NO_VERIFIED_SALES_OR_REVENUE_METRIC
